Feature,Importance,Metric,Ticker,Model,Scope
Volume t-1,-0.00045775337439867003,mae,LTC,Deep Learning LSTM,1 day ahead
Volume t-2,-0.0004542178662938455,mae,LTC,Deep Learning LSTM,1 day ahead
Volume t-3,-0.00011227930944193373,mae,LTC,Deep Learning LSTM,1 day ahead
TYX t-4,-9.72826921454839e-05,mae,LTC,Deep Learning LSTM,1 day ahead
TYX t-5,-8.821292101791542e-05,mae,LTC,Deep Learning LSTM,1 day ahead
Gtrend t-8,-8.415435227057677e-05,mae,LTC,Deep Learning LSTM,1 day ahead
Gtrend t-9,-7.188604880912358e-05,mae,LTC,Deep Learning LSTM,1 day ahead
TYX t-6,-3.79536814817949e-05,mae,LTC,Deep Learning LSTM,1 day ahead
TYX t-3,-2.7407563663116308e-05,mae,LTC,Deep Learning LSTM,1 day ahead
Gtrend t-7,-2.6703067511544415e-05,mae,LTC,Deep Learning LSTM,1 day ahead
Gtrend t-10,-2.1788217902007218e-05,mae,LTC,Deep Learning LSTM,1 day ahead
TYX t-7,-8.885716357188989e-06,mae,LTC,Deep Learning LSTM,1 day ahead
Volume t-9,-4.548814198739731e-06,mae,LTC,Deep Learning LSTM,1 day ahead
Close t-15,-4.466371233715488e-06,mae,LTC,Deep Learning LSTM,1 day ahead
Gtrend t-16,-3.036308835198398e-06,mae,LTC,Deep Learning LSTM,1 day ahead
Gtrend t-17,-2.2571789075227777e-06,mae,LTC,Deep Learning LSTM,1 day ahead
Close t-18,-2.2417061949428496e-06,mae,LTC,Deep Learning LSTM,1 day ahead
Volume t-10,-2.18528590789982e-06,mae,LTC,Deep Learning LSTM,1 day ahead
Close t-17,-1.697589273319533e-06,mae,LTC,Deep Learning LSTM,1 day ahead
Close t-13,-1.4776727855631e-06,mae,LTC,Deep Learning LSTM,1 day ahead
Close t-19,-1.1193017437037545e-06,mae,LTC,Deep Learning LSTM,1 day ahead
Close t-20,-6.32870687196363e-07,mae,LTC,Deep Learning LSTM,1 day ahead
Gtrend t-20,-6.009862847516922e-07,mae,LTC,Deep Learning LSTM,1 day ahead
Close t-21,-5.583886165082264e-07,mae,LTC,Deep Learning LSTM,1 day ahead
Close t-22,-4.1678343733544954e-07,mae,LTC,Deep Learning LSTM,1 day ahead
Close t-23,-4.051891091746973e-07,mae,LTC,Deep Learning LSTM,1 day ahead
Gtrend t-18,-3.5681136666826374e-07,mae,LTC,Deep Learning LSTM,1 day ahead
Gtrend t-15,-2.818802198878423e-07,mae,LTC,Deep Learning LSTM,1 day ahead
Close t-24,-2.097185343892527e-07,mae,LTC,Deep Learning LSTM,1 day ahead
Close t-14,-1.208660287965735e-07,mae,LTC,Deep Learning LSTM,1 day ahead
Close t-25,-6.082939774804119e-08,mae,LTC,Deep Learning LSTM,1 day ahead
TYX t-20,-5.968629497241085e-08,mae,LTC,Deep Learning LSTM,1 day ahead
Gtrend t-24,-5.886979298833084e-08,mae,LTC,Deep Learning LSTM,1 day ahead
Gtrend t-25,-5.576708545299014e-08,mae,LTC,Deep Learning LSTM,1 day ahead
Volume t-18,-5.184787593356943e-08,mae,LTC,Deep Learning LSTM,1 day ahead
Volume t-19,-4.8908468795738624e-08,mae,LTC,Deep Learning LSTM,1 day ahead
Close t-16,-4.8091966811658615e-08,mae,LTC,Deep Learning LSTM,1 day ahead
Gtrend t-19,-2.963902199018542e-08,mae,LTC,Deep Learning LSTM,1 day ahead
Volume t-11,-2.3637732413789303e-08,mae,LTC,Deep Learning LSTM,1 day ahead
Gtrend t-26,-1.6125914166498223e-08,mae,LTC,Deep Learning LSTM,1 day ahead
Close t-28,-1.4288784704052926e-08,mae,LTC,Deep Learning LSTM,1 day ahead
Gtrend t-21,-1.3676408217727642e-08,mae,LTC,Deep Learning LSTM,1 day ahead
Gtrend t-27,-1.1594328160752232e-08,mae,LTC,Deep Learning LSTM,1 day ahead
Gtrend t-22,-9.838848895327157e-09,mae,LTC,Deep Learning LSTM,1 day ahead
Gtrend t-28,-8.777396320186481e-09,mae,LTC,Deep Learning LSTM,1 day ahead
Close t-29,-5.919639375906449e-09,mae,LTC,Deep Learning LSTM,1 day ahead
Close t-26,-5.71551388162117e-09,mae,LTC,Deep Learning LSTM,1 day ahead
Close t-34,-4.899011897541161e-09,mae,LTC,Deep Learning LSTM,1 day ahead
Volume t-27,-4.7765366002761045e-09,mae,LTC,Deep Learning LSTM,1 day ahead
Volume t-26,-4.327460511460712e-09,mae,LTC,Deep Learning LSTM,1 day ahead
Gtrend t-31,-3.715084021665982e-09,mae,LTC,Deep Learning LSTM,1 day ahead
Gtrend t-32,-2.694456543300694e-09,mae,LTC,Deep Learning LSTM,1 day ahead
Gtrend t-30,-1.8371294624452972e-09,mae,LTC,Deep Learning LSTM,1 day ahead
Volume t-16,-1.7963043622004626e-09,mae,LTC,Deep Learning LSTM,1 day ahead
Gtrend t-34,-1.755479261955628e-09,mae,LTC,Deep Learning LSTM,1 day ahead
Volume t-28,-1.673829064935406e-09,mae,LTC,Deep Learning LSTM,1 day ahead
Volume t-25,-1.5921788679151838e-09,mae,LTC,Deep Learning LSTM,1 day ahead
Close t-37,-1.5513537676703493e-09,mae,LTC,Deep Learning LSTM,1 day ahead
Close t-36,-1.5513537676703493e-09,mae,LTC,Deep Learning LSTM,1 day ahead
Close t-35,-1.5513537676703493e-09,mae,LTC,Deep Learning LSTM,1 day ahead
Volume t-24,-1.5105286674255147e-09,mae,LTC,Deep Learning LSTM,1 day ahead
Gtrend t-36,-1.306403173140236e-09,mae,LTC,Deep Learning LSTM,1 day ahead
Volume t-31,-1.020627478365288e-09,mae,LTC,Deep Learning LSTM,1 day ahead
Gtrend t-35,-8.573270808553968e-10,mae,LTC,Deep Learning LSTM,1 day ahead
Close t-39,-5.715513860804489e-10,mae,LTC,Deep Learning LSTM,1 day ahead
Gtrend t-39,-4.490760888153922e-10,mae,LTC,Deep Learning LSTM,1 day ahead
Gtrend t-37,-4.082509920400046e-10,mae,LTC,Deep Learning LSTM,1 day ahead
Volume t-40,-4.082509920400046e-10,mae,LTC,Deep Learning LSTM,1 day ahead
Close t-43,-4.082509920400046e-10,mae,LTC,Deep Learning LSTM,1 day ahead
Volume t-42,-3.6742589179517005e-10,mae,LTC,Deep Learning LSTM,1 day ahead
Volume t-37,-2.857756947749479e-10,mae,LTC,Deep Learning LSTM,1 day ahead
Volume t-30,-2.857756947749479e-10,mae,LTC,Deep Learning LSTM,1 day ahead
Gtrend t-38,-2.4495059453011336e-10,mae,LTC,Deep Learning LSTM,1 day ahead
TYX t-36,-2.0412549428527882e-10,mae,LTC,Deep Learning LSTM,1 day ahead
TYX t-34,-2.0412549428527882e-10,mae,LTC,Deep Learning LSTM,1 day ahead
TYX t-35,-1.6330039404044427e-10,mae,LTC,Deep Learning LSTM,1 day ahead
Gtrend t-49,-1.2247529726505668e-10,mae,LTC,Deep Learning LSTM,1 day ahead
Gtrend t-41,-1.2247529726505668e-10,mae,LTC,Deep Learning LSTM,1 day ahead
Close t-38,-1.2247529726505668e-10,mae,LTC,Deep Learning LSTM,1 day ahead
TYX t-44,-8.165019702022214e-11,mae,LTC,Deep Learning LSTM,1 day ahead
TYX t-32,-8.165019702022214e-11,mae,LTC,Deep Learning LSTM,1 day ahead
Volume t-33,-8.165019702022214e-11,mae,LTC,Deep Learning LSTM,1 day ahead
Gtrend t-54,-4.082509677538759e-11,mae,LTC,Deep Learning LSTM,1 day ahead
Gtrend t-45,-4.082509677538759e-11,mae,LTC,Deep Learning LSTM,1 day ahead
TYX t-37,0.0,mae,LTC,Deep Learning LSTM,1 day ahead
Gtrend t-46,4.0825100244834545e-11,mae,LTC,Deep Learning LSTM,1 day ahead
Volume t-43,4.0825100244834545e-11,mae,LTC,Deep Learning LSTM,1 day ahead
TYX t-59,8.165020048966909e-11,mae,LTC,Deep Learning LSTM,1 day ahead
TYX t-50,8.165020048966909e-11,mae,LTC,Deep Learning LSTM,1 day ahead
Volume t-52,8.165020048966909e-11,mae,LTC,Deep Learning LSTM,1 day ahead
Volume t-44,8.165020048966909e-11,mae,LTC,Deep Learning LSTM,1 day ahead
Close t-58,1.2247529726505668e-10,mae,LTC,Deep Learning LSTM,1 day ahead
Close t-50,1.2247529726505668e-10,mae,LTC,Deep Learning LSTM,1 day ahead
Close t-46,1.2247529726505668e-10,mae,LTC,Deep Learning LSTM,1 day ahead
Close t-41,1.2247529726505668e-10,mae,LTC,Deep Learning LSTM,1 day ahead
Gtrend t-55,1.6330039750989123e-10,mae,LTC,Deep Learning LSTM,1 day ahead
Volume t-47,1.6330039750989123e-10,mae,LTC,Deep Learning LSTM,1 day ahead
Close t-44,1.6330039750989123e-10,mae,LTC,Deep Learning LSTM,1 day ahead
TYX t-33,2.0412549775472577e-10,mae,LTC,Deep Learning LSTM,1 day ahead
Gtrend t-51,2.0412549775472577e-10,mae,LTC,Deep Learning LSTM,1 day ahead
Gtrend t-43,2.0412549775472577e-10,mae,LTC,Deep Learning LSTM,1 day ahead
Volume t-32,2.0412549775472577e-10,mae,LTC,Deep Learning LSTM,1 day ahead
TYX t-54,2.4495059453011336e-10,mae,LTC,Deep Learning LSTM,1 day ahead
Gtrend t-40,2.4495059453011336e-10,mae,LTC,Deep Learning LSTM,1 day ahead
Volume t-56,2.4495059453011336e-10,mae,LTC,Deep Learning LSTM,1 day ahead
Volume t-55,2.4495059453011336e-10,mae,LTC,Deep Learning LSTM,1 day ahead
Volume t-54,2.4495059453011336e-10,mae,LTC,Deep Learning LSTM,1 day ahead
Volume t-34,2.4495059453011336e-10,mae,LTC,Deep Learning LSTM,1 day ahead
Gtrend t-53,2.857756947749479e-10,mae,LTC,Deep Learning LSTM,1 day ahead
Close t-54,2.857756947749479e-10,mae,LTC,Deep Learning LSTM,1 day ahead
Close t-49,2.857756947749479e-10,mae,LTC,Deep Learning LSTM,1 day ahead
TYX t-60,3.2660079501978245e-10,mae,LTC,Deep Learning LSTM,1 day ahead
TYX t-56,3.2660079501978245e-10,mae,LTC,Deep Learning LSTM,1 day ahead
TYX t-48,3.2660079501978245e-10,mae,LTC,Deep Learning LSTM,1 day ahead
Gtrend t-56,3.2660079501978245e-10,mae,LTC,Deep Learning LSTM,1 day ahead
Gtrend t-50,3.2660079501978245e-10,mae,LTC,Deep Learning LSTM,1 day ahead
Close t-53,3.2660079501978245e-10,mae,LTC,Deep Learning LSTM,1 day ahead
Gtrend t-52,3.6742589179517005e-10,mae,LTC,Deep Learning LSTM,1 day ahead
Volume t-46,3.6742589179517005e-10,mae,LTC,Deep Learning LSTM,1 day ahead
Volume t-45,3.6742589179517005e-10,mae,LTC,Deep Learning LSTM,1 day ahead
Close t-47,3.6742589179517005e-10,mae,LTC,Deep Learning LSTM,1 day ahead
TYX t-58,4.082509920400046e-10,mae,LTC,Deep Learning LSTM,1 day ahead
TYX t-52,4.082509920400046e-10,mae,LTC,Deep Learning LSTM,1 day ahead
TYX t-51,4.082509920400046e-10,mae,LTC,Deep Learning LSTM,1 day ahead
TYX t-42,4.082509920400046e-10,mae,LTC,Deep Learning LSTM,1 day ahead
TYX t-39,4.082509920400046e-10,mae,LTC,Deep Learning LSTM,1 day ahead
Gtrend t-59,4.082509920400046e-10,mae,LTC,Deep Learning LSTM,1 day ahead
Volume t-60,4.082509920400046e-10,mae,LTC,Deep Learning LSTM,1 day ahead
Volume t-51,4.082509920400046e-10,mae,LTC,Deep Learning LSTM,1 day ahead
Close t-56,4.082509920400046e-10,mae,LTC,Deep Learning LSTM,1 day ahead
Close t-40,4.082509920400046e-10,mae,LTC,Deep Learning LSTM,1 day ahead
TYX t-43,4.4907609228483913e-10,mae,LTC,Deep Learning LSTM,1 day ahead
TYX t-41,4.4907609228483913e-10,mae,LTC,Deep Learning LSTM,1 day ahead
Close t-48,4.4907609228483913e-10,mae,LTC,Deep Learning LSTM,1 day ahead
TYX t-57,4.899011925296737e-10,mae,LTC,Deep Learning LSTM,1 day ahead
TYX t-45,4.899011925296737e-10,mae,LTC,Deep Learning LSTM,1 day ahead
TYX t-38,4.899011925296737e-10,mae,LTC,Deep Learning LSTM,1 day ahead
Gtrend t-60,4.899011925296737e-10,mae,LTC,Deep Learning LSTM,1 day ahead
Gtrend t-58,4.899011925296737e-10,mae,LTC,Deep Learning LSTM,1 day ahead
Gtrend t-33,4.899011925296737e-10,mae,LTC,Deep Learning LSTM,1 day ahead
Volume t-57,4.899011925296737e-10,mae,LTC,Deep Learning LSTM,1 day ahead
Volume t-50,4.899011925296737e-10,mae,LTC,Deep Learning LSTM,1 day ahead
TYX t-53,5.307262893050613e-10,mae,LTC,Deep Learning LSTM,1 day ahead
TYX t-49,5.307262893050613e-10,mae,LTC,Deep Learning LSTM,1 day ahead
TYX t-47,5.307262893050613e-10,mae,LTC,Deep Learning LSTM,1 day ahead
TYX t-31,5.307262893050613e-10,mae,LTC,Deep Learning LSTM,1 day ahead
Gtrend t-48,5.307262893050613e-10,mae,LTC,Deep Learning LSTM,1 day ahead
Gtrend t-47,5.307262893050613e-10,mae,LTC,Deep Learning LSTM,1 day ahead
Gtrend t-42,5.307262893050613e-10,mae,LTC,Deep Learning LSTM,1 day ahead
Gtrend t-29,5.307262893050613e-10,mae,LTC,Deep Learning LSTM,1 day ahead
TYX t-55,5.715513895498958e-10,mae,LTC,Deep Learning LSTM,1 day ahead
Volume t-59,5.715513895498958e-10,mae,LTC,Deep Learning LSTM,1 day ahead
Volume t-58,5.715513895498958e-10,mae,LTC,Deep Learning LSTM,1 day ahead
Volume t-53,5.715513895498958e-10,mae,LTC,Deep Learning LSTM,1 day ahead
Volume t-49,5.715513895498958e-10,mae,LTC,Deep Learning LSTM,1 day ahead
Volume t-36,5.715513895498958e-10,mae,LTC,Deep Learning LSTM,1 day ahead
Close t-51,5.715513895498958e-10,mae,LTC,Deep Learning LSTM,1 day ahead
Volume t-38,6.53201586570118e-10,mae,LTC,Deep Learning LSTM,1 day ahead
Close t-60,6.53201586570118e-10,mae,LTC,Deep Learning LSTM,1 day ahead
Close t-59,6.53201586570118e-10,mae,LTC,Deep Learning LSTM,1 day ahead
Close t-55,6.940266868149525e-10,mae,LTC,Deep Learning LSTM,1 day ahead
Close t-42,7.34851787059787e-10,mae,LTC,Deep Learning LSTM,1 day ahead
Close t-31,7.34851787059787e-10,mae,LTC,Deep Learning LSTM,1 day ahead
TYX t-46,7.756768838351746e-10,mae,LTC,Deep Learning LSTM,1 day ahead
Close t-57,7.756768838351746e-10,mae,LTC,Deep Learning LSTM,1 day ahead
Close t-52,7.756768838351746e-10,mae,LTC,Deep Learning LSTM,1 day ahead
TYX t-30,8.165019840800092e-10,mae,LTC,Deep Learning LSTM,1 day ahead
Gtrend t-44,8.165019840800092e-10,mae,LTC,Deep Learning LSTM,1 day ahead
Volume t-48,8.165019840800092e-10,mae,LTC,Deep Learning LSTM,1 day ahead
Volume t-39,8.165019840800092e-10,mae,LTC,Deep Learning LSTM,1 day ahead
TYX t-40,8.573270843248437e-10,mae,LTC,Deep Learning LSTM,1 day ahead
Close t-45,8.981521811002313e-10,mae,LTC,Deep Learning LSTM,1 day ahead
Gtrend t-57,1.020627478365288e-09,mae,LTC,Deep Learning LSTM,1 day ahead
Volume t-35,1.020627478365288e-09,mae,LTC,Deep Learning LSTM,1 day ahead
Volume t-29,1.1431027790997916e-09,mae,LTC,Deep Learning LSTM,1 day ahead
Volume t-41,1.1839278758751792e-09,mae,LTC,Deep Learning LSTM,1 day ahead
TYX t-29,1.388053373629905e-09,mae,LTC,Deep Learning LSTM,1 day ahead
Close t-33,1.959604759710354e-09,mae,LTC,Deep Learning LSTM,1 day ahead
Close t-30,1.959604759710354e-09,mae,LTC,Deep Learning LSTM,1 day ahead
Close t-27,1.959604759710354e-09,mae,LTC,Deep Learning LSTM,1 day ahead
TYX t-27,2.327030651505524e-09,mae,LTC,Deep Learning LSTM,1 day ahead
Close t-32,2.5311561492602497e-09,mae,LTC,Deep Learning LSTM,1 day ahead
Volume t-23,3.347658133340259e-09,mae,LTC,Deep Learning LSTM,1 day ahead
TYX t-28,3.3884832301156464e-09,mae,LTC,Deep Learning LSTM,1 day ahead
Volume t-20,4.000859719910377e-09,mae,LTC,Deep Learning LSTM,1 day ahead
TYX t-26,4.7765366037455514e-09,mae,LTC,Deep Learning LSTM,1 day ahead
TYX t-23,6.246240170926232e-09,mae,LTC,Deep Learning LSTM,1 day ahead
TYX t-25,6.368715471660735e-09,mae,LTC,Deep Learning LSTM,1 day ahead
Volume t-21,1.1063601874916618e-08,mae,LTC,Deep Learning LSTM,1 day ahead
TYX t-24,1.686076595355801e-08,mae,LTC,Deep Learning LSTM,1 day ahead
Volume t-22,1.8452944821473194e-08,mae,LTC,Deep Learning LSTM,1 day ahead
TYX t-21,2.057584997869344e-08,mae,LTC,Deep Learning LSTM,1 day ahead
TYX t-22,3.641598845388616e-08,mae,LTC,Deep Learning LSTM,1 day ahead
Gtrend t-23,4.5275034971092865e-08,mae,LTC,Deep Learning LSTM,1 day ahead
Volume t-17,8.899871617104593e-08,mae,LTC,Deep Learning LSTM,1 day ahead
TYX t-19,1.6542330180321918e-07,mae,LTC,Deep Learning LSTM,1 day ahead
TYX t-18,5.436270204307869e-07,mae,LTC,Deep Learning LSTM,1 day ahead
Volume t-15,6.153975447564797e-07,mae,LTC,Deep Learning LSTM,1 day ahead
Volume t-14,6.207864578465505e-07,mae,LTC,Deep Learning LSTM,1 day ahead
TYX t-13,6.535861022914646e-07,mae,LTC,Deep Learning LSTM,1 day ahead
TYX t-15,7.946605551749364e-07,mae,LTC,Deep Learning LSTM,1 day ahead
TYX t-17,7.978449129072973e-07,mae,LTC,Deep Learning LSTM,1 day ahead
TYX t-16,9.87559148710876e-07,mae,LTC,Deep Learning LSTM,1 day ahead
TYX t-14,1.3422884353221642e-06,mae,LTC,Deep Learning LSTM,1 day ahead
Volume t-13,1.3924624821907983e-06,mae,LTC,Deep Learning LSTM,1 day ahead
Volume t-12,1.5038096174216364e-06,mae,LTC,Deep Learning LSTM,1 day ahead
TYX t-12,3.4963194070862513e-06,mae,LTC,Deep Learning LSTM,1 day ahead
Gtrend t-14,5.421369043117491e-06,mae,LTC,Deep Learning LSTM,1 day ahead
Gtrend t-11,5.960440742257961e-06,mae,LTC,Deep Learning LSTM,1 day ahead
Volume t-8,6.195821174205529e-06,mae,LTC,Deep Learning LSTM,1 day ahead
TYX t-11,6.360305498723934e-06,mae,LTC,Deep Learning LSTM,1 day ahead
Gtrend t-13,8.003025838775046e-06,mae,LTC,Deep Learning LSTM,1 day ahead
TYX t-10,1.0138752637917081e-05,mae,LTC,Deep Learning LSTM,1 day ahead
Gtrend t-12,1.433471294298716e-05,mae,LTC,Deep Learning LSTM,1 day ahead
TYX t-9,1.6279130765836647e-05,mae,LTC,Deep Learning LSTM,1 day ahead
TYX t-8,1.9920890093061416e-05,mae,LTC,Deep Learning LSTM,1 day ahead
Volume t-7,3.4393856729979244e-05,mae,LTC,Deep Learning LSTM,1 day ahead
Close t-12,4.7234019660575416e-05,mae,LTC,Deep Learning LSTM,1 day ahead
Gtrend t-2,4.881872611416094e-05,mae,LTC,Deep Learning LSTM,1 day ahead
Close t-11,7.303128378196785e-05,mae,LTC,Deep Learning LSTM,1 day ahead
Volume t-6,7.350414975888439e-05,mae,LTC,Deep Learning LSTM,1 day ahead
Volume t-4,9.736894004192323e-05,mae,LTC,Deep Learning LSTM,1 day ahead
Volume t-5,0.00011259159889166412,mae,LTC,Deep Learning LSTM,1 day ahead
Close t-8,0.0001383081101345926,mae,LTC,Deep Learning LSTM,1 day ahead
Close t-7,0.0001613888564554293,mae,LTC,Deep Learning LSTM,1 day ahead
Close t-9,0.00016176090665974766,mae,LTC,Deep Learning LSTM,1 day ahead
Close t-10,0.00018586570397953472,mae,LTC,Deep Learning LSTM,1 day ahead
Close t-6,0.00024962334685077123,mae,LTC,Deep Learning LSTM,1 day ahead
TYX t-2,0.00025280370210924163,mae,LTC,Deep Learning LSTM,1 day ahead
Gtrend t-6,0.00025762475897615766,mae,LTC,Deep Learning LSTM,1 day ahead
Gtrend t-1,0.0003584591199892566,mae,LTC,Deep Learning LSTM,1 day ahead
TYX t-1,0.0007844485691078894,mae,LTC,Deep Learning LSTM,1 day ahead
Gtrend t-5,0.000978938009628498,mae,LTC,Deep Learning LSTM,1 day ahead
Close t-5,0.0010834754103095437,mae,LTC,Deep Learning LSTM,1 day ahead
Gtrend t-3,0.001333361271830525,mae,LTC,Deep Learning LSTM,1 day ahead
Gtrend t-4,0.0016902104097639703,mae,LTC,Deep Learning LSTM,1 day ahead
Close t-4,0.0039017096674808134,mae,LTC,Deep Learning LSTM,1 day ahead
Close t-3,0.015788103412700503,mae,LTC,Deep Learning LSTM,1 day ahead
Close t-2,0.026921722839035114,mae,LTC,Deep Learning LSTM,1 day ahead
Close t-1,0.029165510146169436,mae,LTC,Deep Learning LSTM,1 day ahead
Volume t-2,-2.9099580741874824e-05,mse,LTC,Deep Learning LSTM,1 day ahead
Volume t-1,-2.6494215312646246e-05,mse,LTC,Deep Learning LSTM,1 day ahead
TYX t-4,-8.67017235565439e-06,mse,LTC,Deep Learning LSTM,1 day ahead
TYX t-5,-6.932178746502267e-06,mse,LTC,Deep Learning LSTM,1 day ahead
Gtrend t-8,-5.517744441797725e-06,mse,LTC,Deep Learning LSTM,1 day ahead
Gtrend t-9,-4.444423521539711e-06,mse,LTC,Deep Learning LSTM,1 day ahead
Volume t-3,-4.148650048995577e-06,mse,LTC,Deep Learning LSTM,1 day ahead
Gtrend t-2,-3.5993906486756974e-06,mse,LTC,Deep Learning LSTM,1 day ahead
Gtrend t-7,-3.130737853460899e-06,mse,LTC,Deep Learning LSTM,1 day ahead
TYX t-6,-2.917356482984258e-06,mse,LTC,Deep Learning LSTM,1 day ahead
Gtrend t-10,-1.6932499668960172e-06,mse,LTC,Deep Learning LSTM,1 day ahead
Close t-13,-6.308846431679095e-07,mse,LTC,Deep Learning LSTM,1 day ahead
Close t-15,-3.686764899383339e-07,mse,LTC,Deep Learning LSTM,1 day ahead
Close t-14,-3.538046083132731e-07,mse,LTC,Deep Learning LSTM,1 day ahead
TYX t-7,-3.4101705288032327e-07,mse,LTC,Deep Learning LSTM,1 day ahead
Volume t-9,-2.8122225407981125e-07,mse,LTC,Deep Learning LSTM,1 day ahead
Volume t-10,-1.9914802223519167e-07,mse,LTC,Deep Learning LSTM,1 day ahead
Gtrend t-11,-1.666271036796516e-07,mse,LTC,Deep Learning LSTM,1 day ahead
Gtrend t-16,-1.2387684294361614e-07,mse,LTC,Deep Learning LSTM,1 day ahead
Close t-18,-8.763916925849657e-08,mse,LTC,Deep Learning LSTM,1 day ahead
Close t-17,-7.99703514648125e-08,mse,LTC,Deep Learning LSTM,1 day ahead
Gtrend t-17,-5.9319190474135114e-08,mse,LTC,Deep Learning LSTM,1 day ahead
TYX t-13,-3.838181378886668e-08,mse,LTC,Deep Learning LSTM,1 day ahead
Close t-19,-3.459007788433454e-08,mse,LTC,Deep Learning LSTM,1 day ahead
TYX t-14,-3.200915808083092e-08,mse,LTC,Deep Learning LSTM,1 day ahead
Gtrend t-18,-3.0405664941672746e-08,mse,LTC,Deep Learning LSTM,1 day ahead
Close t-21,-2.018210421353417e-08,mse,LTC,Deep Learning LSTM,1 day ahead
Close t-16,-1.8783227904799714e-08,mse,LTC,Deep Learning LSTM,1 day ahead
Close t-20,-1.595736732204825e-08,mse,LTC,Deep Learning LSTM,1 day ahead
Close t-23,-1.1758608867737212e-08,mse,LTC,Deep Learning LSTM,1 day ahead
Close t-22,-9.407415437682858e-09,mse,LTC,Deep Learning LSTM,1 day ahead
Volume t-18,-8.19738364807223e-09,mse,LTC,Deep Learning LSTM,1 day ahead
Close t-24,-5.7710144494129215e-09,mse,LTC,Deep Learning LSTM,1 day ahead
TYX t-15,-4.2159759609198405e-09,mse,LTC,Deep Learning LSTM,1 day ahead
Volume t-19,-3.5893648533003725e-09,mse,LTC,Deep Learning LSTM,1 day ahead
Gtrend t-20,-3.3337383361677075e-09,mse,LTC,Deep Learning LSTM,1 day ahead
TYX t-20,-3.138592852302592e-09,mse,LTC,Deep Learning LSTM,1 day ahead
Gtrend t-19,-2.6737044714732552e-09,mse,LTC,Deep Learning LSTM,1 day ahead
Gtrend t-24,-2.5039150148902997e-09,mse,LTC,Deep Learning LSTM,1 day ahead
Close t-25,-2.3913911191986853e-09,mse,LTC,Deep Learning LSTM,1 day ahead
Volume t-11,-2.107505715082114e-09,mse,LTC,Deep Learning LSTM,1 day ahead
TYX t-21,-1.4436204873657585e-09,mse,LTC,Deep Learning LSTM,1 day ahead
Volume t-17,-1.2100201691317425e-09,mse,LTC,Deep Learning LSTM,1 day ahead
Gtrend t-25,-1.0402888218821044e-09,mse,LTC,Deep Learning LSTM,1 day ahead
TYX t-23,-3.8979773293694453e-10,mse,LTC,Deep Learning LSTM,1 day ahead
Volume t-25,-3.58983267157581e-10,mse,LTC,Deep Learning LSTM,1 day ahead
Close t-28,-3.431393215359499e-10,mse,LTC,Deep Learning LSTM,1 day ahead
Gtrend t-26,-2.756145798784096e-10,mse,LTC,Deep Learning LSTM,1 day ahead
Volume t-27,-2.349263717588146e-10,mse,LTC,Deep Learning LSTM,1 day ahead
Volume t-26,-2.268778826917603e-10,mse,LTC,Deep Learning LSTM,1 day ahead
Close t-34,-2.1570370348829998e-10,mse,LTC,Deep Learning LSTM,1 day ahead
Close t-29,-1.9023769311145994e-10,mse,LTC,Deep Learning LSTM,1 day ahead
Close t-30,-1.5209108310872826e-10,mse,LTC,Deep Learning LSTM,1 day ahead
Volume t-24,-1.0300708322332625e-10,mse,LTC,Deep Learning LSTM,1 day ahead
Close t-35,-1.0162606877989894e-10,mse,LTC,Deep Learning LSTM,1 day ahead
Gtrend t-32,-9.369337369748848e-11,mse,LTC,Deep Learning LSTM,1 day ahead
Gtrend t-34,-7.975069769069337e-11,mse,LTC,Deep Learning LSTM,1 day ahead
Close t-36,-7.669635716453516e-11,mse,LTC,Deep Learning LSTM,1 day ahead
Volume t-28,-7.493899229459033e-11,mse,LTC,Deep Learning LSTM,1 day ahead
Close t-37,-6.604106692932599e-11,mse,LTC,Deep Learning LSTM,1 day ahead
Gtrend t-36,-6.36451629246193e-11,mse,LTC,Deep Learning LSTM,1 day ahead
TYX t-26,-6.26426869361138e-11,mse,LTC,Deep Learning LSTM,1 day ahead
Gtrend t-33,-6.096204010347384e-11,mse,LTC,Deep Learning LSTM,1 day ahead
Volume t-31,-5.7665241830727465e-11,mse,LTC,Deep Learning LSTM,1 day ahead
Close t-39,-5.204842145386385e-11,mse,LTC,Deep Learning LSTM,1 day ahead
Gtrend t-37,-5.198168772594519e-11,mse,LTC,Deep Learning LSTM,1 day ahead
Volume t-30,-4.510019007558652e-11,mse,LTC,Deep Learning LSTM,1 day ahead
Gtrend t-35,-4.1348437586179176e-11,mse,LTC,Deep Learning LSTM,1 day ahead
TYX t-32,-4.0441596469223406e-11,mse,LTC,Deep Learning LSTM,1 day ahead
Volume t-37,-3.96057238654518e-11,mse,LTC,Deep Learning LSTM,1 day ahead
TYX t-31,-3.9468716597941544e-11,mse,LTC,Deep Learning LSTM,1 day ahead
TYX t-27,-3.4288318928946127e-11,mse,LTC,Deep Learning LSTM,1 day ahead
Volume t-20,-2.1882694441199835e-11,mse,LTC,Deep Learning LSTM,1 day ahead
TYX t-44,-1.2141618331400206e-11,mse,LTC,Deep Learning LSTM,1 day ahead
Volume t-33,-1.1387574477134121e-11,mse,LTC,Deep Learning LSTM,1 day ahead
Volume t-42,-6.892368837121965e-12,mse,LTC,Deep Learning LSTM,1 day ahead
Close t-38,-2.518695538591964e-12,mse,LTC,Deep Learning LSTM,1 day ahead
TYX t-33,-2.030568963841406e-12,mse,LTC,Deep Learning LSTM,1 day ahead
Close t-31,-6.297853948414311e-13,mse,LTC,Deep Learning LSTM,1 day ahead
TYX t-36,-6.025302869486215e-13,mse,LTC,Deep Learning LSTM,1 day ahead
Volume t-43,7.536325079618433e-13,mse,LTC,Deep Learning LSTM,1 day ahead
Close t-41,1.0234677688680804e-12,mse,LTC,Deep Learning LSTM,1 day ahead
Close t-50,1.6164678103003371e-12,mse,LTC,Deep Learning LSTM,1 day ahead
TYX t-35,2.4083838222332954e-12,mse,LTC,Deep Learning LSTM,1 day ahead
TYX t-34,2.9699345196684823e-12,mse,LTC,Deep Learning LSTM,1 day ahead
Volume t-47,4.745761943147908e-12,mse,LTC,Deep Learning LSTM,1 day ahead
Volume t-40,5.490795643679769e-12,mse,LTC,Deep Learning LSTM,1 day ahead
Volume t-32,6.110816280074927e-12,mse,LTC,Deep Learning LSTM,1 day ahead
TYX t-30,6.635584226186153e-12,mse,LTC,Deep Learning LSTM,1 day ahead
Volume t-45,6.734882725296931e-12,mse,LTC,Deep Learning LSTM,1 day ahead
Close t-33,6.8613410309295575e-12,mse,LTC,Deep Learning LSTM,1 day ahead
Gtrend t-51,6.940990534068381e-12,mse,LTC,Deep Learning LSTM,1 day ahead
Close t-43,7.97080923400223e-12,mse,LTC,Deep Learning LSTM,1 day ahead
TYX t-60,8.285159450865942e-12,mse,LTC,Deep Learning LSTM,1 day ahead
Gtrend t-45,8.883462975645129e-12,mse,LTC,Deep Learning LSTM,1 day ahead
TYX t-59,9.334062494280315e-12,mse,LTC,Deep Learning LSTM,1 day ahead
Volume t-44,9.56559993974676e-12,mse,LTC,Deep Learning LSTM,1 day ahead
Volume t-52,1.0711381759863359e-11,mse,LTC,Deep Learning LSTM,1 day ahead
TYX t-38,1.2161141343079718e-11,mse,LTC,Deep Learning LSTM,1 day ahead
Close t-58,1.2313081977632923e-11,mse,LTC,Deep Learning LSTM,1 day ahead
Gtrend t-39,1.2513568306560252e-11,mse,LTC,Deep Learning LSTM,1 day ahead
TYX t-39,1.302546579710212e-11,mse,LTC,Deep Learning LSTM,1 day ahead
Volume t-46,1.3205735008119113e-11,mse,LTC,Deep Learning LSTM,1 day ahead
Gtrend t-55,1.3810231062026668e-11,mse,LTC,Deep Learning LSTM,1 day ahead
Volume t-54,1.4015008012631391e-11,mse,LTC,Deep Learning LSTM,1 day ahead
Gtrend t-54,1.4655207928281067e-11,mse,LTC,Deep Learning LSTM,1 day ahead
Volume t-55,1.5064872634952542e-11,mse,LTC,Deep Learning LSTM,1 day ahead
TYX t-50,1.6282936479185273e-11,mse,LTC,Deep Learning LSTM,1 day ahead
TYX t-56,1.6342466767869934e-11,mse,LTC,Deep Learning LSTM,1 day ahead
Gtrend t-38,1.6952438259588976e-11,mse,LTC,Deep Learning LSTM,1 day ahead
Volume t-60,1.7546425792359932e-11,mse,LTC,Deep Learning LSTM,1 day ahead
Close t-49,1.7780833554657816e-11,mse,LTC,Deep Learning LSTM,1 day ahead
TYX t-54,1.7998114934178466e-11,mse,LTC,Deep Learning LSTM,1 day ahead
Volume t-58,1.8124918016101943e-11,mse,LTC,Deep Learning LSTM,1 day ahead
TYX t-57,1.858467167051986e-11,mse,LTC,Deep Learning LSTM,1 day ahead
TYX t-52,1.9262270598008335e-11,mse,LTC,Deep Learning LSTM,1 day ahead
Volume t-57,1.941251640772551e-11,mse,LTC,Deep Learning LSTM,1 day ahead
Close t-56,1.9452154947571798e-11,mse,LTC,Deep Learning LSTM,1 day ahead
Gtrend t-56,1.945410694516314e-11,mse,LTC,Deep Learning LSTM,1 day ahead
Close t-46,1.946982115461071e-11,mse,LTC,Deep Learning LSTM,1 day ahead
Close t-54,2.0118822189815755e-11,mse,LTC,Deep Learning LSTM,1 day ahead
Gtrend t-40,2.0371366811315628e-11,mse,LTC,Deep Learning LSTM,1 day ahead
Gtrend t-52,2.040436027604675e-11,mse,LTC,Deep Learning LSTM,1 day ahead
TYX t-53,2.0920849688049747e-11,mse,LTC,Deep Learning LSTM,1 day ahead
Volume t-34,2.149019124545598e-11,mse,LTC,Deep Learning LSTM,1 day ahead
TYX t-29,2.1970535417012438e-11,mse,LTC,Deep Learning LSTM,1 day ahead
Close t-55,2.223277085437042e-11,mse,LTC,Deep Learning LSTM,1 day ahead
Volume t-56,2.232965255841851e-11,mse,LTC,Deep Learning LSTM,1 day ahead
TYX t-48,2.2448003308625508e-11,mse,LTC,Deep Learning LSTM,1 day ahead
TYX t-51,2.2728720598316765e-11,mse,LTC,Deep Learning LSTM,1 day ahead
Close t-57,2.3026323469482746e-11,mse,LTC,Deep Learning LSTM,1 day ahead
Close t-47,2.338851334826586e-11,mse,LTC,Deep Learning LSTM,1 day ahead
TYX t-28,2.3402518312988507e-11,mse,LTC,Deep Learning LSTM,1 day ahead
TYX t-43,2.3794379769466467e-11,mse,LTC,Deep Learning LSTM,1 day ahead
TYX t-42,2.3982823648023566e-11,mse,LTC,Deep Learning LSTM,1 day ahead
Close t-52,2.428188715635632e-11,mse,LTC,Deep Learning LSTM,1 day ahead
Volume t-51,2.4422848834450284e-11,mse,LTC,Deep Learning LSTM,1 day ahead
Volume t-53,2.445573702315046e-11,mse,LTC,Deep Learning LSTM,1 day ahead
Volume t-59,2.4782297850141355e-11,mse,LTC,Deep Learning LSTM,1 day ahead
Gtrend t-43,2.4826094630579776e-11,mse,LTC,Deep Learning LSTM,1 day ahead
Volume t-49,2.533680546184386e-11,mse,LTC,Deep Learning LSTM,1 day ahead
Gtrend t-53,2.546358555868128e-11,mse,LTC,Deep Learning LSTM,1 day ahead
Close t-44,2.581511068279474e-11,mse,LTC,Deep Learning LSTM,1 day ahead
Volume t-36,2.6418592790830586e-11,mse,LTC,Deep Learning LSTM,1 day ahead
Gtrend t-48,2.6541357219661554e-11,mse,LTC,Deep Learning LSTM,1 day ahead
Close t-42,2.658144147502095e-11,mse,LTC,Deep Learning LSTM,1 day ahead
Close t-48,2.7826991579049665e-11,mse,LTC,Deep Learning LSTM,1 day ahead
Gtrend t-31,2.8084323928923016e-11,mse,LTC,Deep Learning LSTM,1 day ahead
Gtrend t-58,2.8204729459087308e-11,mse,LTC,Deep Learning LSTM,1 day ahead
Gtrend t-46,2.8842093318694195e-11,mse,LTC,Deep Learning LSTM,1 day ahead
Gtrend t-59,2.912562584774653e-11,mse,LTC,Deep Learning LSTM,1 day ahead
TYX t-37,2.9332427329067934e-11,mse,LTC,Deep Learning LSTM,1 day ahead
Gtrend t-50,3.0229398736807134e-11,mse,LTC,Deep Learning LSTM,1 day ahead
TYX t-55,3.0393500541868457e-11,mse,LTC,Deep Learning LSTM,1 day ahead
Gtrend t-47,3.0840022050872273e-11,mse,LTC,Deep Learning LSTM,1 day ahead
Gtrend t-44,3.15201487957259e-11,mse,LTC,Deep Learning LSTM,1 day ahead
Volume t-38,3.177650623100575e-11,mse,LTC,Deep Learning LSTM,1 day ahead
TYX t-58,3.212716453548231e-11,mse,LTC,Deep Learning LSTM,1 day ahead
Close t-60,3.3419770206419286e-11,mse,LTC,Deep Learning LSTM,1 day ahead
Gtrend t-41,3.352688005692217e-11,mse,LTC,Deep Learning LSTM,1 day ahead
Gtrend t-49,3.4478234937213026e-11,mse,LTC,Deep Learning LSTM,1 day ahead
Close t-40,3.4956114717231423e-11,mse,LTC,Deep Learning LSTM,1 day ahead
TYX t-46,3.498947605175967e-11,mse,LTC,Deep Learning LSTM,1 day ahead
Volume t-50,3.545388570398711e-11,mse,LTC,Deep Learning LSTM,1 day ahead
Gtrend t-60,3.600250707367497e-11,mse,LTC,Deep Learning LSTM,1 day ahead
TYX t-40,3.6324661811457104e-11,mse,LTC,Deep Learning LSTM,1 day ahead
TYX t-49,3.648303046385054e-11,mse,LTC,Deep Learning LSTM,1 day ahead
TYX t-45,3.667920524599855e-11,mse,LTC,Deep Learning LSTM,1 day ahead
Volume t-48,3.677232726217311e-11,mse,LTC,Deep Learning LSTM,1 day ahead
Volume t-39,3.706171936186664e-11,mse,LTC,Deep Learning LSTM,1 day ahead
Close t-51,3.752051805101103e-11,mse,LTC,Deep Learning LSTM,1 day ahead
Close t-53,3.959768905999195e-11,mse,LTC,Deep Learning LSTM,1 day ahead
Close t-59,4.0526974788221426e-11,mse,LTC,Deep Learning LSTM,1 day ahead
Close t-45,4.0551434497652916e-11,mse,LTC,Deep Learning LSTM,1 day ahead
TYX t-47,4.319149801267769e-11,mse,LTC,Deep Learning LSTM,1 day ahead
Gtrend t-42,4.3414616953535434e-11,mse,LTC,Deep Learning LSTM,1 day ahead
Volume t-35,4.767713470115592e-11,mse,LTC,Deep Learning LSTM,1 day ahead
Volume t-29,4.899947255668918e-11,mse,LTC,Deep Learning LSTM,1 day ahead
Gtrend t-30,5.445937071527768e-11,mse,LTC,Deep Learning LSTM,1 day ahead
Gtrend t-57,5.5788523757246966e-11,mse,LTC,Deep Learning LSTM,1 day ahead
Volume t-41,6.137181388088386e-11,mse,LTC,Deep Learning LSTM,1 day ahead
TYX t-41,6.835412845549588e-11,mse,LTC,Deep Learning LSTM,1 day ahead
TYX t-25,1.292506042515143e-10,mse,LTC,Deep Learning LSTM,1 day ahead
Volume t-23,1.5924523331933838e-10,mse,LTC,Deep Learning LSTM,1 day ahead
Close t-32,1.699774917172936e-10,mse,LTC,Deep Learning LSTM,1 day ahead
Gtrend t-28,2.051343640308359e-10,mse,LTC,Deep Learning LSTM,1 day ahead
TYX t-24,2.6640349670183083e-10,mse,LTC,Deep Learning LSTM,1 day ahead
Gtrend t-29,2.838387258520189e-10,mse,LTC,Deep Learning LSTM,1 day ahead
Gtrend t-27,4.864431796822513e-10,mse,LTC,Deep Learning LSTM,1 day ahead
Close t-27,1.106182054917866e-09,mse,LTC,Deep Learning LSTM,1 day ahead
Volume t-22,1.2491649641760416e-09,mse,LTC,Deep Learning LSTM,1 day ahead
TYX t-22,1.462535613450111e-09,mse,LTC,Deep Learning LSTM,1 day ahead
Volume t-21,1.6442888957964724e-09,mse,LTC,Deep Learning LSTM,1 day ahead
Gtrend t-23,1.7909799926744616e-09,mse,LTC,Deep Learning LSTM,1 day ahead
Close t-26,1.888784465419943e-09,mse,LTC,Deep Learning LSTM,1 day ahead
Volume t-16,2.2199903106133803e-09,mse,LTC,Deep Learning LSTM,1 day ahead
Gtrend t-22,2.915389589138763e-09,mse,LTC,Deep Learning LSTM,1 day ahead
TYX t-19,3.651622611168699e-09,mse,LTC,Deep Learning LSTM,1 day ahead
Gtrend t-15,4.522955178139568e-09,mse,LTC,Deep Learning LSTM,1 day ahead
Gtrend t-21,8.962430023389673e-09,mse,LTC,Deep Learning LSTM,1 day ahead
TYX t-18,1.6480709639338752e-08,mse,LTC,Deep Learning LSTM,1 day ahead
Volume t-15,2.0991072360561705e-08,mse,LTC,Deep Learning LSTM,1 day ahead
TYX t-16,2.9199577521090564e-08,mse,LTC,Deep Learning LSTM,1 day ahead
TYX t-12,3.033064648223782e-08,mse,LTC,Deep Learning LSTM,1 day ahead
TYX t-17,3.0832151695246376e-08,mse,LTC,Deep Learning LSTM,1 day ahead
Volume t-14,4.129412737371042e-08,mse,LTC,Deep Learning LSTM,1 day ahead
Volume t-12,7.179513749938811e-08,mse,LTC,Deep Learning LSTM,1 day ahead
Volume t-13,9.069622974346159e-08,mse,LTC,Deep Learning LSTM,1 day ahead
TYX t-11,1.7236198324567607e-07,mse,LTC,Deep Learning LSTM,1 day ahead
Gtrend t-14,2.1251696805742355e-07,mse,LTC,Deep Learning LSTM,1 day ahead
TYX t-10,2.909240866448906e-07,mse,LTC,Deep Learning LSTM,1 day ahead
Gtrend t-13,3.143457681084377e-07,mse,LTC,Deep Learning LSTM,1 day ahead
Volume t-8,3.6296130527925605e-07,mse,LTC,Deep Learning LSTM,1 day ahead
TYX t-9,5.492806642047382e-07,mse,LTC,Deep Learning LSTM,1 day ahead
TYX t-8,5.98231835700902e-07,mse,LTC,Deep Learning LSTM,1 day ahead
Gtrend t-12,6.315770589216578e-07,mse,LTC,Deep Learning LSTM,1 day ahead
Close t-12,1.3736397881906762e-06,mse,LTC,Deep Learning LSTM,1 day ahead
Volume t-7,1.865923170290087e-06,mse,LTC,Deep Learning LSTM,1 day ahead
Close t-11,2.06486279458358e-06,mse,LTC,Deep Learning LSTM,1 day ahead
Close t-8,2.3398159252904045e-06,mse,LTC,Deep Learning LSTM,1 day ahead
Close t-9,5.425103102708428e-06,mse,LTC,Deep Learning LSTM,1 day ahead
Volume t-6,5.4735232152312114e-06,mse,LTC,Deep Learning LSTM,1 day ahead
Volume t-5,5.938387653188558e-06,mse,LTC,Deep Learning LSTM,1 day ahead
Close t-6,5.967225331636006e-06,mse,LTC,Deep Learning LSTM,1 day ahead
TYX t-3,6.104277333479906e-06,mse,LTC,Deep Learning LSTM,1 day ahead
Close t-7,6.421342025654704e-06,mse,LTC,Deep Learning LSTM,1 day ahead
Volume t-4,7.314466228348264e-06,mse,LTC,Deep Learning LSTM,1 day ahead
Close t-10,8.339088868797523e-06,mse,LTC,Deep Learning LSTM,1 day ahead
Gtrend t-1,1.0911000073545829e-05,mse,LTC,Deep Learning LSTM,1 day ahead
TYX t-2,1.9575242885042673e-05,mse,LTC,Deep Learning LSTM,1 day ahead
Gtrend t-6,2.297892753076226e-05,mse,LTC,Deep Learning LSTM,1 day ahead
TYX t-1,4.305824614439979e-05,mse,LTC,Deep Learning LSTM,1 day ahead
Close t-5,5.317889807988083e-05,mse,LTC,Deep Learning LSTM,1 day ahead
Gtrend t-5,5.772652185842726e-05,mse,LTC,Deep Learning LSTM,1 day ahead
Gtrend t-3,0.00010550493464818423,mse,LTC,Deep Learning LSTM,1 day ahead
Gtrend t-4,0.00010679066502486975,mse,LTC,Deep Learning LSTM,1 day ahead
Close t-4,0.00028388434337131313,mse,LTC,Deep Learning LSTM,1 day ahead
Close t-3,0.001595732622166022,mse,LTC,Deep Learning LSTM,1 day ahead
Close t-2,0.003233733631668842,mse,LTC,Deep Learning LSTM,1 day ahead
Close t-1,0.0035804808399217637,mse,LTC,Deep Learning LSTM,1 day ahead
Gtrend t-1,-0.0010552053571511733,mae,LTC,Bidirectional LSTM,1 day ahead
Gtrend t-2,-0.0009815037204980032,mae,LTC,Bidirectional LSTM,1 day ahead
Gtrend t-3,-0.0007940330927198105,mae,LTC,Bidirectional LSTM,1 day ahead
Gtrend t-4,-0.0005494374160364343,mae,LTC,Bidirectional LSTM,1 day ahead
Gtrend t-5,-0.00034375365067410707,mae,LTC,Bidirectional LSTM,1 day ahead
Volume t-6,-0.00018244272480410356,mae,LTC,Bidirectional LSTM,1 day ahead
Gtrend t-6,-0.0001481710909402023,mae,LTC,Bidirectional LSTM,1 day ahead
Volume t-5,-0.00014630438029426124,mae,LTC,Bidirectional LSTM,1 day ahead
TYX t-6,-0.00013919130255757306,mae,LTC,Bidirectional LSTM,1 day ahead
Volume t-7,-0.0001334435700989997,mae,LTC,Bidirectional LSTM,1 day ahead
Volume t-8,-0.00010914289462864851,mae,LTC,Bidirectional LSTM,1 day ahead
TYX t-60,-0.00010717034592404306,mae,LTC,Bidirectional LSTM,1 day ahead
Volume t-4,-9.262946795836335e-05,mae,LTC,Bidirectional LSTM,1 day ahead
TYX t-4,-8.761672112961305e-05,mae,LTC,Bidirectional LSTM,1 day ahead
Volume t-9,-8.388350337299594e-05,mae,LTC,Bidirectional LSTM,1 day ahead
Volume t-3,-7.051160419085933e-05,mae,LTC,Bidirectional LSTM,1 day ahead
TYX t-59,-6.661262071821356e-05,mae,LTC,Bidirectional LSTM,1 day ahead
Gtrend t-7,-6.536946417774053e-05,mae,LTC,Bidirectional LSTM,1 day ahead
TYX t-7,-6.270802113737817e-05,mae,LTC,Bidirectional LSTM,1 day ahead
Volume t-10,-5.941234931469003e-05,mae,LTC,Bidirectional LSTM,1 day ahead
TYX t-10,-4.8963640437930944e-05,mae,LTC,Bidirectional LSTM,1 day ahead
Volume t-11,-4.77124173113852e-05,mae,LTC,Bidirectional LSTM,1 day ahead
TYX t-8,-4.050946195870847e-05,mae,LTC,Bidirectional LSTM,1 day ahead
TYX t-58,-3.864451305751748e-05,mae,LTC,Bidirectional LSTM,1 day ahead
TYX t-9,-3.853254956460994e-05,mae,LTC,Bidirectional LSTM,1 day ahead
TYX t-5,-3.4465763254491744e-05,mae,LTC,Bidirectional LSTM,1 day ahead
Volume t-12,-3.4205596554294504e-05,mae,LTC,Bidirectional LSTM,1 day ahead
Gtrend t-9,-2.829801270671367e-05,mae,LTC,Bidirectional LSTM,1 day ahead
TYX t-3,-2.5641120649372295e-05,mae,LTC,Bidirectional LSTM,1 day ahead
TYX t-11,-2.473695889928379e-05,mae,LTC,Bidirectional LSTM,1 day ahead
Volume t-13,-1.7655158332643972e-05,mae,LTC,Bidirectional LSTM,1 day ahead
Volume t-14,-1.6058341249909625e-05,mae,LTC,Bidirectional LSTM,1 day ahead
Gtrend t-15,-1.5586047729845842e-05,mae,LTC,Bidirectional LSTM,1 day ahead
Close t-56,-1.0615582842890547e-05,mae,LTC,Bidirectional LSTM,1 day ahead
Volume t-15,-1.0058372365610857e-05,mae,LTC,Bidirectional LSTM,1 day ahead
TYX t-15,-8.375126863531535e-06,mae,LTC,Bidirectional LSTM,1 day ahead
TYX t-57,-8.227482233960637e-06,mae,LTC,Bidirectional LSTM,1 day ahead
Gtrend t-19,-6.854935618381963e-06,mae,LTC,Bidirectional LSTM,1 day ahead
TYX t-13,-4.8889745794533646e-06,mae,LTC,Bidirectional LSTM,1 day ahead
Volume t-16,-4.48000415256139e-06,mae,LTC,Bidirectional LSTM,1 day ahead
TYX t-18,-4.334585149347314e-06,mae,LTC,Bidirectional LSTM,1 day ahead
Gtrend t-14,-4.25113186488385e-06,mae,LTC,Bidirectional LSTM,1 day ahead
TYX t-23,-2.8562571026333194e-06,mae,LTC,Bidirectional LSTM,1 day ahead
TYX t-21,-2.4958832623156457e-06,mae,LTC,Bidirectional LSTM,1 day ahead
TYX t-12,-2.283940694645936e-06,mae,LTC,Bidirectional LSTM,1 day ahead
TYX t-22,-2.165169824028257e-06,mae,LTC,Bidirectional LSTM,1 day ahead
TYX t-24,-1.9902235841098848e-06,mae,LTC,Bidirectional LSTM,1 day ahead
TYX t-27,-1.7319640068097497e-06,mae,LTC,Bidirectional LSTM,1 day ahead
TYX t-25,-1.6027632579879159e-06,mae,LTC,Bidirectional LSTM,1 day ahead
TYX t-28,-1.083416481535704e-06,mae,LTC,Bidirectional LSTM,1 day ahead
TYX t-26,-1.000868131033339e-06,mae,LTC,Bidirectional LSTM,1 day ahead
TYX t-29,-6.417705588138145e-07,mae,LTC,Bidirectional LSTM,1 day ahead
Volume t-17,-6.234203351954126e-07,mae,LTC,Bidirectional LSTM,1 day ahead
Volume t-18,-6.003949792679486e-07,mae,LTC,Bidirectional LSTM,1 day ahead
Gtrend t-26,-3.7637727918343744e-07,mae,LTC,Bidirectional LSTM,1 day ahead
TYX t-30,-2.700172058514583e-07,mae,LTC,Bidirectional LSTM,1 day ahead
TYX t-31,8.401805407648455e-08,mae,LTC,Bidirectional LSTM,1 day ahead
Close t-29,1.590545863350279e-07,mae,LTC,Bidirectional LSTM,1 day ahead
Volume t-32,3.100559381116752e-07,mae,LTC,Bidirectional LSTM,1 day ahead
Volume t-36,3.520756551717019e-07,mae,LTC,Bidirectional LSTM,1 day ahead
Volume t-31,3.5945430809647405e-07,mae,LTC,Bidirectional LSTM,1 day ahead
Volume t-35,4.056381852704516e-07,mae,LTC,Bidirectional LSTM,1 day ahead
Volume t-33,4.5114748081775957e-07,mae,LTC,Bidirectional LSTM,1 day ahead
Close t-30,4.949635022330479e-07,mae,LTC,Bidirectional LSTM,1 day ahead
Volume t-37,5.514955745550276e-07,mae,LTC,Bidirectional LSTM,1 day ahead
Volume t-30,5.630899027123104e-07,mae,LTC,Bidirectional LSTM,1 day ahead
Volume t-34,5.694284831020413e-07,mae,LTC,Bidirectional LSTM,1 day ahead
Volume t-29,5.820327487263133e-07,mae,LTC,Bidirectional LSTM,1 day ahead
Close t-28,6.090894084792575e-07,mae,LTC,Bidirectional LSTM,1 day ahead
TYX t-32,6.420155094152835e-07,mae,LTC,Bidirectional LSTM,1 day ahead
Volume t-38,6.513537671032354e-07,mae,LTC,Bidirectional LSTM,1 day ahead
Volume t-25,7.202969785971569e-07,mae,LTC,Bidirectional LSTM,1 day ahead
TYX t-20,7.223593045599386e-07,mae,LTC,Bidirectional LSTM,1 day ahead
Volume t-21,7.531203583197033e-07,mae,LTC,Bidirectional LSTM,1 day ahead
Close t-33,7.770134223192282e-07,mae,LTC,Bidirectional LSTM,1 day ahead
Volume t-28,8.518866541837311e-07,mae,LTC,Bidirectional LSTM,1 day ahead
Close t-32,8.934466051296885e-07,mae,LTC,Bidirectional LSTM,1 day ahead
Close t-31,9.216159235492238e-07,mae,LTC,Bidirectional LSTM,1 day ahead
Volume t-27,9.321277281357232e-07,mae,LTC,Bidirectional LSTM,1 day ahead
Close t-38,9.408853703513076e-07,mae,LTC,Bidirectional LSTM,1 day ahead
Volume t-39,9.512549455428787e-07,mae,LTC,Bidirectional LSTM,1 day ahead
Volume t-22,9.580623561086798e-07,mae,LTC,Bidirectional LSTM,1 day ahead
Close t-36,9.765363719396736e-07,mae,LTC,Bidirectional LSTM,1 day ahead
Volume t-41,1.0140439480471608e-06,mae,LTC,Bidirectional LSTM,1 day ahead
Close t-35,1.026863029184033e-06,mae,LTC,Bidirectional LSTM,1 day ahead
Close t-27,1.074843210720211e-06,mae,LTC,Bidirectional LSTM,1 day ahead
Volume t-19,1.1168719918491776e-06,mae,LTC,Bidirectional LSTM,1 day ahead
Close t-37,1.1330899372039016e-06,mae,LTC,Bidirectional LSTM,1 day ahead
Close t-41,1.1733434849767188e-06,mae,LTC,Bidirectional LSTM,1 day ahead
TYX t-34,1.2029523718884438e-06,mae,LTC,Bidirectional LSTM,1 day ahead
Volume t-26,1.205921914111674e-06,mae,LTC,Bidirectional LSTM,1 day ahead
TYX t-33,1.2463086271966017e-06,mae,LTC,Bidirectional LSTM,1 day ahead
Volume t-40,1.263781769636485e-06,mae,LTC,Bidirectional LSTM,1 day ahead
Gtrend t-24,1.29748223053755e-06,mae,LTC,Bidirectional LSTM,1 day ahead
Close t-34,1.5059562578634278e-06,mae,LTC,Bidirectional LSTM,1 day ahead
Volume t-42,1.5943319075298334e-06,mae,LTC,Bidirectional LSTM,1 day ahead
Close t-39,1.6731243489068182e-06,mae,LTC,Bidirectional LSTM,1 day ahead
Volume t-24,1.6861067304446697e-06,mae,LTC,Bidirectional LSTM,1 day ahead
Volume t-23,1.892243346124367e-06,mae,LTC,Bidirectional LSTM,1 day ahead
TYX t-35,1.905960579445809e-06,mae,LTC,Bidirectional LSTM,1 day ahead
Gtrend t-28,1.934241683147764e-06,mae,LTC,Bidirectional LSTM,1 day ahead
Close t-42,1.9508166734030774e-06,mae,LTC,Bidirectional LSTM,1 day ahead
Close t-26,1.9862227243969133e-06,mae,LTC,Bidirectional LSTM,1 day ahead
Gtrend t-23,1.994478458507143e-06,mae,LTC,Bidirectional LSTM,1 day ahead
Gtrend t-27,2.069944312753369e-06,mae,LTC,Bidirectional LSTM,1 day ahead
Gtrend t-29,2.168414451934886e-06,mae,LTC,Bidirectional LSTM,1 day ahead
Close t-40,2.176059435497757e-06,mae,LTC,Bidirectional LSTM,1 day ahead
Gtrend t-32,2.3527805997486384e-06,mae,LTC,Bidirectional LSTM,1 day ahead
Gtrend t-30,2.8127978170949808e-06,mae,LTC,Bidirectional LSTM,1 day ahead
Gtrend t-25,2.8583074216659288e-06,mae,LTC,Bidirectional LSTM,1 day ahead
Close t-22,2.9834982467058513e-06,mae,LTC,Bidirectional LSTM,1 day ahead
TYX t-17,3.0324368505835197e-06,mae,LTC,Bidirectional LSTM,1 day ahead
Gtrend t-31,3.131121805270698e-06,mae,LTC,Bidirectional LSTM,1 day ahead
Close t-23,3.1795403728773763e-06,mae,LTC,Bidirectional LSTM,1 day ahead
Volume t-43,3.2401549551128173e-06,mae,LTC,Bidirectional LSTM,1 day ahead
Gtrend t-33,3.2412164076914274e-06,mae,LTC,Bidirectional LSTM,1 day ahead
Volume t-20,3.2633225404352095e-06,mae,LTC,Bidirectional LSTM,1 day ahead
Close t-24,3.308251220517089e-06,mae,LTC,Bidirectional LSTM,1 day ahead
Gtrend t-35,3.3607522980372284e-06,mae,LTC,Bidirectional LSTM,1 day ahead
Close t-25,3.3706834871513602e-06,mae,LTC,Bidirectional LSTM,1 day ahead
Close t-44,3.4619684088771363e-06,mae,LTC,Bidirectional LSTM,1 day ahead
Volume t-44,3.7322607004050545e-06,mae,LTC,Bidirectional LSTM,1 day ahead
TYX t-36,3.7520200483961985e-06,mae,LTC,Bidirectional LSTM,1 day ahead
Gtrend t-36,3.8570222034434165e-06,mae,LTC,Bidirectional LSTM,1 day ahead
Close t-43,3.890662085150043e-06,mae,LTC,Bidirectional LSTM,1 day ahead
TYX t-19,3.8940612583984735e-06,mae,LTC,Bidirectional LSTM,1 day ahead
Gtrend t-34,4.020546479681364e-06,mae,LTC,Bidirectional LSTM,1 day ahead
Gtrend t-21,4.108483743277269e-06,mae,LTC,Bidirectional LSTM,1 day ahead
TYX t-37,4.150473016210909e-06,mae,LTC,Bidirectional LSTM,1 day ahead
Close t-45,4.167017871391232e-06,mae,LTC,Bidirectional LSTM,1 day ahead
Volume t-46,4.343004183858523e-06,mae,LTC,Bidirectional LSTM,1 day ahead
TYX t-16,4.387828064694732e-06,mae,LTC,Bidirectional LSTM,1 day ahead
Volume t-45,4.702591657267108e-06,mae,LTC,Bidirectional LSTM,1 day ahead
TYX t-38,4.88671285448633e-06,mae,LTC,Bidirectional LSTM,1 day ahead
Volume t-47,5.208148614280206e-06,mae,LTC,Bidirectional LSTM,1 day ahead
Close t-48,5.228745535254542e-06,mae,LTC,Bidirectional LSTM,1 day ahead
Volume t-49,5.495251782582089e-06,mae,LTC,Bidirectional LSTM,1 day ahead
Gtrend t-22,5.962647961890721e-06,mae,LTC,Bidirectional LSTM,1 day ahead
TYX t-40,6.027559869552224e-06,mae,LTC,Bidirectional LSTM,1 day ahead
TYX t-39,6.2335843909328e-06,mae,LTC,Bidirectional LSTM,1 day ahead
Close t-47,6.393077363338329e-06,mae,LTC,Bidirectional LSTM,1 day ahead
Volume t-48,6.488145327943062e-06,mae,LTC,Bidirectional LSTM,1 day ahead
Gtrend t-37,6.866760607911193e-06,mae,LTC,Bidirectional LSTM,1 day ahead
Volume t-50,6.966322334760189e-06,mae,LTC,Bidirectional LSTM,1 day ahead
Close t-46,7.555337801376516e-06,mae,LTC,Bidirectional LSTM,1 day ahead
Close t-21,8.214826453224744e-06,mae,LTC,Bidirectional LSTM,1 day ahead
Gtrend t-20,8.590671380183379e-06,mae,LTC,Bidirectional LSTM,1 day ahead
TYX t-14,8.766327456916079e-06,mae,LTC,Bidirectional LSTM,1 day ahead
TYX t-56,8.906031289328264e-06,mae,LTC,Bidirectional LSTM,1 day ahead
TYX t-42,1.0241964991060393e-05,mae,LTC,Bidirectional LSTM,1 day ahead
TYX t-41,1.0342364599902343e-05,mae,LTC,Bidirectional LSTM,1 day ahead
Gtrend t-38,1.0822733787642369e-05,mae,LTC,Bidirectional LSTM,1 day ahead
Gtrend t-41,1.083792978861381e-05,mae,LTC,Bidirectional LSTM,1 day ahead
Gtrend t-40,1.0868028576707656e-05,mae,LTC,Bidirectional LSTM,1 day ahead
Gtrend t-42,1.1353847256721783e-05,mae,LTC,Bidirectional LSTM,1 day ahead
Gtrend t-39,1.1635652226227311e-05,mae,LTC,Bidirectional LSTM,1 day ahead
Close t-49,1.2992859892417552e-05,mae,LTC,Bidirectional LSTM,1 day ahead
Gtrend t-43,1.3155872596898321e-05,mae,LTC,Bidirectional LSTM,1 day ahead
Volume t-55,1.3931977731369838e-05,mae,LTC,Bidirectional LSTM,1 day ahead
TYX t-43,1.413983367368199e-05,mae,LTC,Bidirectional LSTM,1 day ahead
Gtrend t-16,1.4181941513688456e-05,mae,LTC,Bidirectional LSTM,1 day ahead
Volume t-51,1.5239120428792163e-05,mae,LTC,Bidirectional LSTM,1 day ahead
Close t-20,1.5464251096559967e-05,mae,LTC,Bidirectional LSTM,1 day ahead
Close t-50,1.560267862683179e-05,mae,LTC,Bidirectional LSTM,1 day ahead
TYX t-55,1.8323626392501013e-05,mae,LTC,Bidirectional LSTM,1 day ahead
TYX t-45,1.901159547779835e-05,mae,LTC,Bidirectional LSTM,1 day ahead
Close t-19,1.903077996405489e-05,mae,LTC,Bidirectional LSTM,1 day ahead
Close t-51,2.0013113500069735e-05,mae,LTC,Bidirectional LSTM,1 day ahead
TYX t-44,2.020426898877853e-05,mae,LTC,Bidirectional LSTM,1 day ahead
TYX t-46,2.071095998447403e-05,mae,LTC,Bidirectional LSTM,1 day ahead
Volume t-52,2.3385266690788276e-05,mae,LTC,Bidirectional LSTM,1 day ahead
Gtrend t-18,2.4870414246334904e-05,mae,LTC,Bidirectional LSTM,1 day ahead
Close t-18,2.515087736108812e-05,mae,LTC,Bidirectional LSTM,1 day ahead
TYX t-47,2.6788368617018665e-05,mae,LTC,Bidirectional LSTM,1 day ahead
Close t-55,2.8405317629480453e-05,mae,LTC,Bidirectional LSTM,1 day ahead
Close t-52,2.9624382224195667e-05,mae,LTC,Bidirectional LSTM,1 day ahead
TYX t-51,2.9662818106068745e-05,mae,LTC,Bidirectional LSTM,1 day ahead
Gtrend t-10,3.2043709885076765e-05,mae,LTC,Bidirectional LSTM,1 day ahead
Gtrend t-13,3.204447586138692e-05,mae,LTC,Bidirectional LSTM,1 day ahead
TYX t-54,3.311451966096085e-05,mae,LTC,Bidirectional LSTM,1 day ahead
Close t-53,3.400997767648989e-05,mae,LTC,Bidirectional LSTM,1 day ahead
Volume t-54,3.413386301853727e-05,mae,LTC,Bidirectional LSTM,1 day ahead
Gtrend t-44,3.532297315417959e-05,mae,LTC,Bidirectional LSTM,1 day ahead
TYX t-49,3.535755693096637e-05,mae,LTC,Bidirectional LSTM,1 day ahead
TYX t-50,3.6498597381508235e-05,mae,LTC,Bidirectional LSTM,1 day ahead
TYX t-52,3.663452028983272e-05,mae,LTC,Bidirectional LSTM,1 day ahead
Volume t-56,3.6956613095738555e-05,mae,LTC,Bidirectional LSTM,1 day ahead
Close t-17,3.717375956108909e-05,mae,LTC,Bidirectional LSTM,1 day ahead
Volume t-60,3.799691827256757e-05,mae,LTC,Bidirectional LSTM,1 day ahead
Volume t-53,3.860318244935934e-05,mae,LTC,Bidirectional LSTM,1 day ahead
TYX t-48,3.892599719845097e-05,mae,LTC,Bidirectional LSTM,1 day ahead
Gtrend t-45,4.0102939064375065e-05,mae,LTC,Bidirectional LSTM,1 day ahead
Gtrend t-12,4.039333199083728e-05,mae,LTC,Bidirectional LSTM,1 day ahead
Gtrend t-17,4.137183795328153e-05,mae,LTC,Bidirectional LSTM,1 day ahead
Volume t-58,4.327625679569763e-05,mae,LTC,Bidirectional LSTM,1 day ahead
Gtrend t-47,4.344824255747559e-05,mae,LTC,Bidirectional LSTM,1 day ahead
TYX t-53,4.36472108731531e-05,mae,LTC,Bidirectional LSTM,1 day ahead
Close t-16,4.6282461156781085e-05,mae,LTC,Bidirectional LSTM,1 day ahead
Gtrend t-11,5.3703032004470685e-05,mae,LTC,Bidirectional LSTM,1 day ahead
Gtrend t-48,5.857477202108469e-05,mae,LTC,Bidirectional LSTM,1 day ahead
Volume t-59,5.864649837891006e-05,mae,LTC,Bidirectional LSTM,1 day ahead
Gtrend t-46,5.914218711617486e-05,mae,LTC,Bidirectional LSTM,1 day ahead
Volume t-57,6.320492623005519e-05,mae,LTC,Bidirectional LSTM,1 day ahead
Close t-14,7.053778389096155e-05,mae,LTC,Bidirectional LSTM,1 day ahead
Close t-60,7.094458558894179e-05,mae,LTC,Bidirectional LSTM,1 day ahead
Close t-15,7.170027849121713e-05,mae,LTC,Bidirectional LSTM,1 day ahead
Volume t-2,7.358585318473915e-05,mae,LTC,Bidirectional LSTM,1 day ahead
Close t-54,8.168851772807906e-05,mae,LTC,Bidirectional LSTM,1 day ahead
Gtrend t-50,8.999583281894125e-05,mae,LTC,Bidirectional LSTM,1 day ahead
Gtrend t-8,9.160275980515942e-05,mae,LTC,Bidirectional LSTM,1 day ahead
Gtrend t-49,9.540123847340959e-05,mae,LTC,Bidirectional LSTM,1 day ahead
Gtrend t-59,9.97733845271298e-05,mae,LTC,Bidirectional LSTM,1 day ahead
Gtrend t-51,0.00010198114287390814,mae,LTC,Bidirectional LSTM,1 day ahead
Gtrend t-53,0.00010343833633984917,mae,LTC,Bidirectional LSTM,1 day ahead
Gtrend t-60,0.00010578776612091279,mae,LTC,Bidirectional LSTM,1 day ahead
Close t-58,0.00012137161215793751,mae,LTC,Bidirectional LSTM,1 day ahead
TYX t-2,0.00013960917489994756,mae,LTC,Bidirectional LSTM,1 day ahead
Gtrend t-54,0.00013983160069890727,mae,LTC,Bidirectional LSTM,1 day ahead
Close t-13,0.00014394709238009507,mae,LTC,Bidirectional LSTM,1 day ahead
Gtrend t-52,0.00014572867275980395,mae,LTC,Bidirectional LSTM,1 day ahead
Close t-57,0.00014987004215193112,mae,LTC,Bidirectional LSTM,1 day ahead
Gtrend t-55,0.00015667026980559218,mae,LTC,Bidirectional LSTM,1 day ahead
Gtrend t-56,0.00016420100198308307,mae,LTC,Bidirectional LSTM,1 day ahead
Gtrend t-57,0.0001792793855861438,mae,LTC,Bidirectional LSTM,1 day ahead
Gtrend t-58,0.00020137478264500158,mae,LTC,Bidirectional LSTM,1 day ahead
Close t-59,0.00021158100256687268,mae,LTC,Bidirectional LSTM,1 day ahead
Close t-12,0.0002884317552201074,mae,LTC,Bidirectional LSTM,1 day ahead
Volume t-1,0.00028957956205291624,mae,LTC,Bidirectional LSTM,1 day ahead
Close t-11,0.00035970073438127553,mae,LTC,Bidirectional LSTM,1 day ahead
TYX t-1,0.0007179999943148357,mae,LTC,Bidirectional LSTM,1 day ahead
Close t-10,0.0007811223401577583,mae,LTC,Bidirectional LSTM,1 day ahead
Close t-9,0.0009004840675154516,mae,LTC,Bidirectional LSTM,1 day ahead
Close t-8,0.0012782433017917844,mae,LTC,Bidirectional LSTM,1 day ahead
Close t-7,0.0014628285360767795,mae,LTC,Bidirectional LSTM,1 day ahead
Close t-6,0.0028084374632795506,mae,LTC,Bidirectional LSTM,1 day ahead
Close t-5,0.0041592464158761375,mae,LTC,Bidirectional LSTM,1 day ahead
Close t-4,0.00511541973154752,mae,LTC,Bidirectional LSTM,1 day ahead
Close t-3,0.007474378317310987,mae,LTC,Bidirectional LSTM,1 day ahead
Close t-2,0.008297435654851054,mae,LTC,Bidirectional LSTM,1 day ahead
Close t-1,0.011281724147112905,mae,LTC,Bidirectional LSTM,1 day ahead
Gtrend t-1,-0.00010664763651906887,mse,LTC,Bidirectional LSTM,1 day ahead
Gtrend t-2,-0.00010288945118960184,mse,LTC,Bidirectional LSTM,1 day ahead
Gtrend t-3,-0.00010076130872275482,mse,LTC,Bidirectional LSTM,1 day ahead
Gtrend t-4,-5.455831750101475e-05,mse,LTC,Bidirectional LSTM,1 day ahead
Gtrend t-5,-3.8684220894389786e-05,mse,LTC,Bidirectional LSTM,1 day ahead
TYX t-6,-2.6870139523216784e-05,mse,LTC,Bidirectional LSTM,1 day ahead
Volume t-6,-2.4682482155900104e-05,mse,LTC,Bidirectional LSTM,1 day ahead
TYX t-4,-2.3279670780361993e-05,mse,LTC,Bidirectional LSTM,1 day ahead
TYX t-5,-2.271479977505094e-05,mse,LTC,Bidirectional LSTM,1 day ahead
Gtrend t-6,-2.1206706612435407e-05,mse,LTC,Bidirectional LSTM,1 day ahead
Volume t-4,-1.9543045971711585e-05,mse,LTC,Bidirectional LSTM,1 day ahead
Volume t-5,-1.879597211967409e-05,mse,LTC,Bidirectional LSTM,1 day ahead
TYX t-7,-1.8357801250364764e-05,mse,LTC,Bidirectional LSTM,1 day ahead
TYX t-3,-1.7705444100320992e-05,mse,LTC,Bidirectional LSTM,1 day ahead
Volume t-7,-1.7371085883666464e-05,mse,LTC,Bidirectional LSTM,1 day ahead
TYX t-8,-1.4216182006322395e-05,mse,LTC,Bidirectional LSTM,1 day ahead
Volume t-8,-1.3585622165909923e-05,mse,LTC,Bidirectional LSTM,1 day ahead
TYX t-9,-1.2670331831311776e-05,mse,LTC,Bidirectional LSTM,1 day ahead
Volume t-3,-1.2000698970658554e-05,mse,LTC,Bidirectional LSTM,1 day ahead
Volume t-9,-1.0710073217400171e-05,mse,LTC,Bidirectional LSTM,1 day ahead
TYX t-10,-9.494690396055945e-06,mse,LTC,Bidirectional LSTM,1 day ahead
Gtrend t-7,-7.491899289678843e-06,mse,LTC,Bidirectional LSTM,1 day ahead
TYX t-60,-6.7539386886172545e-06,mse,LTC,Bidirectional LSTM,1 day ahead
Volume t-11,-6.4099434844478755e-06,mse,LTC,Bidirectional LSTM,1 day ahead
Volume t-10,-6.274902499247333e-06,mse,LTC,Bidirectional LSTM,1 day ahead
TYX t-11,-6.218819697056e-06,mse,LTC,Bidirectional LSTM,1 day ahead
Volume t-12,-4.7587727192931716e-06,mse,LTC,Bidirectional LSTM,1 day ahead
TYX t-59,-3.984183951659739e-06,mse,LTC,Bidirectional LSTM,1 day ahead
TYX t-12,-3.631663164139088e-06,mse,LTC,Bidirectional LSTM,1 day ahead
Volume t-13,-2.8051347837404136e-06,mse,LTC,Bidirectional LSTM,1 day ahead
Close t-60,-2.761315442557921e-06,mse,LTC,Bidirectional LSTM,1 day ahead
Volume t-14,-2.349733660210289e-06,mse,LTC,Bidirectional LSTM,1 day ahead
TYX t-13,-2.33193679233289e-06,mse,LTC,Bidirectional LSTM,1 day ahead
Close t-56,-1.9272138347741982e-06,mse,LTC,Bidirectional LSTM,1 day ahead
Close t-16,-1.6106203347904594e-06,mse,LTC,Bidirectional LSTM,1 day ahead
TYX t-58,-1.3198789769429398e-06,mse,LTC,Bidirectional LSTM,1 day ahead
Close t-21,-1.2588556096938472e-06,mse,LTC,Bidirectional LSTM,1 day ahead
TYX t-15,-1.2387974443195393e-06,mse,LTC,Bidirectional LSTM,1 day ahead
Close t-20,-1.0593948662654222e-06,mse,LTC,Bidirectional LSTM,1 day ahead
Volume t-15,-1.037345111557994e-06,mse,LTC,Bidirectional LSTM,1 day ahead
Close t-18,-1.0163031912138396e-06,mse,LTC,Bidirectional LSTM,1 day ahead
TYX t-14,-8.559127607637995e-07,mse,LTC,Bidirectional LSTM,1 day ahead
Close t-17,-8.074937439591506e-07,mse,LTC,Bidirectional LSTM,1 day ahead
Gtrend t-9,-7.455361713511535e-07,mse,LTC,Bidirectional LSTM,1 day ahead
Close t-19,-7.061962772696682e-07,mse,LTC,Bidirectional LSTM,1 day ahead
Close t-22,-6.439300948590278e-07,mse,LTC,Bidirectional LSTM,1 day ahead
Close t-23,-6.193044344970228e-07,mse,LTC,Bidirectional LSTM,1 day ahead
Volume t-16,-5.109477282543885e-07,mse,LTC,Bidirectional LSTM,1 day ahead
TYX t-16,-4.155339889287332e-07,mse,LTC,Bidirectional LSTM,1 day ahead
TYX t-18,-3.789761378897999e-07,mse,LTC,Bidirectional LSTM,1 day ahead
Close t-24,-3.7808800854889635e-07,mse,LTC,Bidirectional LSTM,1 day ahead
Close t-25,-2.3097310975633834e-07,mse,LTC,Bidirectional LSTM,1 day ahead
TYX t-23,-2.0428342552150994e-07,mse,LTC,Bidirectional LSTM,1 day ahead
Close t-15,-1.9598934722798306e-07,mse,LTC,Bidirectional LSTM,1 day ahead
TYX t-2,-1.8173384634494194e-07,mse,LTC,Bidirectional LSTM,1 day ahead
TYX t-22,-1.520599946258118e-07,mse,LTC,Bidirectional LSTM,1 day ahead
TYX t-17,-1.447256294849833e-07,mse,LTC,Bidirectional LSTM,1 day ahead
Volume t-17,-1.417226272752356e-07,mse,LTC,Bidirectional LSTM,1 day ahead
TYX t-25,-1.4160108826287432e-07,mse,LTC,Bidirectional LSTM,1 day ahead
TYX t-24,-1.2197880567286004e-07,mse,LTC,Bidirectional LSTM,1 day ahead
TYX t-20,-1.0377661690142564e-07,mse,LTC,Bidirectional LSTM,1 day ahead
TYX t-27,-1.0335190645709494e-07,mse,LTC,Bidirectional LSTM,1 day ahead
TYX t-21,-8.729178646409153e-08,mse,LTC,Bidirectional LSTM,1 day ahead
TYX t-28,-6.42229775584327e-08,mse,LTC,Bidirectional LSTM,1 day ahead
TYX t-26,-5.8408818318436695e-08,mse,LTC,Bidirectional LSTM,1 day ahead
TYX t-29,-3.589995142697436e-08,mse,LTC,Bidirectional LSTM,1 day ahead
Close t-29,-2.7896416564341525e-08,mse,LTC,Bidirectional LSTM,1 day ahead
Close t-26,-1.9168770815439218e-08,mse,LTC,Bidirectional LSTM,1 day ahead
TYX t-30,-1.5092334097743798e-08,mse,LTC,Bidirectional LSTM,1 day ahead
Close t-27,-1.494841254858631e-08,mse,LTC,Bidirectional LSTM,1 day ahead
Close t-28,-4.262402567619533e-09,mse,LTC,Bidirectional LSTM,1 day ahead
TYX t-31,1.330047649360927e-08,mse,LTC,Bidirectional LSTM,1 day ahead
Volume t-33,2.9870890316373994e-08,mse,LTC,Bidirectional LSTM,1 day ahead
Close t-30,3.6617822938341676e-08,mse,LTC,Bidirectional LSTM,1 day ahead
Volume t-36,3.749456577552615e-08,mse,LTC,Bidirectional LSTM,1 day ahead
TYX t-32,4.1099490978493275e-08,mse,LTC,Bidirectional LSTM,1 day ahead
Volume t-35,4.287792617491126e-08,mse,LTC,Bidirectional LSTM,1 day ahead
Volume t-32,4.301084477638384e-08,mse,LTC,Bidirectional LSTM,1 day ahead
Close t-31,4.616123853691881e-08,mse,LTC,Bidirectional LSTM,1 day ahead
Volume t-38,4.6221667731119465e-08,mse,LTC,Bidirectional LSTM,1 day ahead
Volume t-34,4.73493682417829e-08,mse,LTC,Bidirectional LSTM,1 day ahead
Volume t-19,5.0221593535324655e-08,mse,LTC,Bidirectional LSTM,1 day ahead
Volume t-37,5.11212580266672e-08,mse,LTC,Bidirectional LSTM,1 day ahead
Volume t-29,5.206340551386357e-08,mse,LTC,Bidirectional LSTM,1 day ahead
Volume t-18,5.270909666545143e-08,mse,LTC,Bidirectional LSTM,1 day ahead
Volume t-31,5.4280237097616146e-08,mse,LTC,Bidirectional LSTM,1 day ahead
Volume t-30,7.173747861586102e-08,mse,LTC,Bidirectional LSTM,1 day ahead
TYX t-34,7.455182918485875e-08,mse,LTC,Bidirectional LSTM,1 day ahead
TYX t-19,7.705946779073755e-08,mse,LTC,Bidirectional LSTM,1 day ahead
Close t-39,7.712978676794116e-08,mse,LTC,Bidirectional LSTM,1 day ahead
TYX t-33,7.72711637882749e-08,mse,LTC,Bidirectional LSTM,1 day ahead
Close t-36,8.020790538687539e-08,mse,LTC,Bidirectional LSTM,1 day ahead
Close t-33,8.312490889367252e-08,mse,LTC,Bidirectional LSTM,1 day ahead
Close t-32,8.328487149846658e-08,mse,LTC,Bidirectional LSTM,1 day ahead
Close t-38,8.515366212592107e-08,mse,LTC,Bidirectional LSTM,1 day ahead
Volume t-39,8.754249455509774e-08,mse,LTC,Bidirectional LSTM,1 day ahead
Close t-35,9.349118429338027e-08,mse,LTC,Bidirectional LSTM,1 day ahead
Gtrend t-23,9.516371763653927e-08,mse,LTC,Bidirectional LSTM,1 day ahead
Gtrend t-26,9.57710660346757e-08,mse,LTC,Bidirectional LSTM,1 day ahead
Close t-34,9.881345299769459e-08,mse,LTC,Bidirectional LSTM,1 day ahead
Close t-37,1.0129402050647329e-07,mse,LTC,Bidirectional LSTM,1 day ahead
Volume t-28,1.0331917598121326e-07,mse,LTC,Bidirectional LSTM,1 day ahead
Close t-41,1.0801800433583517e-07,mse,LTC,Bidirectional LSTM,1 day ahead
Volume t-40,1.122536878697851e-07,mse,LTC,Bidirectional LSTM,1 day ahead
Volume t-27,1.1662525229534301e-07,mse,LTC,Bidirectional LSTM,1 day ahead
TYX t-35,1.2589965914851925e-07,mse,LTC,Bidirectional LSTM,1 day ahead
Gtrend t-15,1.2747358071668255e-07,mse,LTC,Bidirectional LSTM,1 day ahead
Volume t-41,1.3074853479587423e-07,mse,LTC,Bidirectional LSTM,1 day ahead
Gtrend t-19,1.3260684708898268e-07,mse,LTC,Bidirectional LSTM,1 day ahead
Close t-42,1.351331946940551e-07,mse,LTC,Bidirectional LSTM,1 day ahead
Volume t-22,1.376479557904653e-07,mse,LTC,Bidirectional LSTM,1 day ahead
Volume t-25,1.4171888406810246e-07,mse,LTC,Bidirectional LSTM,1 day ahead
Volume t-21,1.45229328203135e-07,mse,LTC,Bidirectional LSTM,1 day ahead
Volume t-26,1.484299698710674e-07,mse,LTC,Bidirectional LSTM,1 day ahead
Close t-40,1.5606604895305326e-07,mse,LTC,Bidirectional LSTM,1 day ahead
Volume t-42,1.7268480375894416e-07,mse,LTC,Bidirectional LSTM,1 day ahead
Volume t-43,1.9684486604609752e-07,mse,LTC,Bidirectional LSTM,1 day ahead
Gtrend t-28,2.0452093334871746e-07,mse,LTC,Bidirectional LSTM,1 day ahead
Volume t-24,2.0647847283816398e-07,mse,LTC,Bidirectional LSTM,1 day ahead
Gtrend t-29,2.1491251474660758e-07,mse,LTC,Bidirectional LSTM,1 day ahead
Gtrend t-24,2.3524448002640655e-07,mse,LTC,Bidirectional LSTM,1 day ahead
Gtrend t-21,2.4355716054776447e-07,mse,LTC,Bidirectional LSTM,1 day ahead
Volume t-44,2.4399468129526064e-07,mse,LTC,Bidirectional LSTM,1 day ahead
Close t-44,2.445701333775134e-07,mse,LTC,Bidirectional LSTM,1 day ahead
Gtrend t-27,2.5368227714013883e-07,mse,LTC,Bidirectional LSTM,1 day ahead
TYX t-36,2.5501567107576867e-07,mse,LTC,Bidirectional LSTM,1 day ahead
Volume t-23,2.635075717922347e-07,mse,LTC,Bidirectional LSTM,1 day ahead
Gtrend t-25,2.6961846023420416e-07,mse,LTC,Bidirectional LSTM,1 day ahead
Volume t-20,2.8183779180769586e-07,mse,LTC,Bidirectional LSTM,1 day ahead
TYX t-37,2.8823517310818184e-07,mse,LTC,Bidirectional LSTM,1 day ahead
Close t-43,3.135783342130341e-07,mse,LTC,Bidirectional LSTM,1 day ahead
Close t-45,3.14539871159019e-07,mse,LTC,Bidirectional LSTM,1 day ahead
Gtrend t-32,3.1593252918264356e-07,mse,LTC,Bidirectional LSTM,1 day ahead
Gtrend t-30,3.2459355864614126e-07,mse,LTC,Bidirectional LSTM,1 day ahead
Close t-47,3.247030774967269e-07,mse,LTC,Bidirectional LSTM,1 day ahead
Gtrend t-31,3.3511948550283416e-07,mse,LTC,Bidirectional LSTM,1 day ahead
Volume t-45,3.4802618781174313e-07,mse,LTC,Bidirectional LSTM,1 day ahead
Volume t-49,3.527736755562505e-07,mse,LTC,Bidirectional LSTM,1 day ahead
TYX t-38,3.675622920074756e-07,mse,LTC,Bidirectional LSTM,1 day ahead
Gtrend t-22,3.678893323155047e-07,mse,LTC,Bidirectional LSTM,1 day ahead
TYX t-40,3.971456546945397e-07,mse,LTC,Bidirectional LSTM,1 day ahead
Gtrend t-33,4.0432022707127813e-07,mse,LTC,Bidirectional LSTM,1 day ahead
Volume t-47,4.2329656051815975e-07,mse,LTC,Bidirectional LSTM,1 day ahead
TYX t-39,4.468765541433724e-07,mse,LTC,Bidirectional LSTM,1 day ahead
Volume t-46,5.121653586892365e-07,mse,LTC,Bidirectional LSTM,1 day ahead
Gtrend t-20,5.596358851520621e-07,mse,LTC,Bidirectional LSTM,1 day ahead
Gtrend t-34,5.644864128685236e-07,mse,LTC,Bidirectional LSTM,1 day ahead
Gtrend t-35,6.017166219846569e-07,mse,LTC,Bidirectional LSTM,1 day ahead
TYX t-42,6.045441179589918e-07,mse,LTC,Bidirectional LSTM,1 day ahead
Volume t-48,6.170339869097062e-07,mse,LTC,Bidirectional LSTM,1 day ahead
Volume t-50,6.59282592850672e-07,mse,LTC,Bidirectional LSTM,1 day ahead
Close t-55,6.821787514395446e-07,mse,LTC,Bidirectional LSTM,1 day ahead
Close t-48,6.936295738157842e-07,mse,LTC,Bidirectional LSTM,1 day ahead
Close t-46,7.274061808912845e-07,mse,LTC,Bidirectional LSTM,1 day ahead
TYX t-41,7.300160478930506e-07,mse,LTC,Bidirectional LSTM,1 day ahead
Gtrend t-36,7.506364202627264e-07,mse,LTC,Bidirectional LSTM,1 day ahead
Gtrend t-37,8.20731086634708e-07,mse,LTC,Bidirectional LSTM,1 day ahead
Gtrend t-16,8.436935361971591e-07,mse,LTC,Bidirectional LSTM,1 day ahead
Close t-49,8.482262450018076e-07,mse,LTC,Bidirectional LSTM,1 day ahead
TYX t-57,9.097868079095163e-07,mse,LTC,Bidirectional LSTM,1 day ahead
TYX t-43,1.0448372828515164e-06,mse,LTC,Bidirectional LSTM,1 day ahead
Gtrend t-38,1.1866834231356004e-06,mse,LTC,Bidirectional LSTM,1 day ahead
Gtrend t-14,1.1972241987880973e-06,mse,LTC,Bidirectional LSTM,1 day ahead
Close t-51,1.2764383335466846e-06,mse,LTC,Bidirectional LSTM,1 day ahead
Gtrend t-39,1.3417259657963476e-06,mse,LTC,Bidirectional LSTM,1 day ahead
TYX t-44,1.4085919933302764e-06,mse,LTC,Bidirectional LSTM,1 day ahead
Volume t-52,1.4995833415606778e-06,mse,LTC,Bidirectional LSTM,1 day ahead
TYX t-46,1.5066829073960737e-06,mse,LTC,Bidirectional LSTM,1 day ahead
TYX t-45,1.5223630598520423e-06,mse,LTC,Bidirectional LSTM,1 day ahead
Close t-50,1.5413170016951618e-06,mse,LTC,Bidirectional LSTM,1 day ahead
Gtrend t-40,1.5669612897974833e-06,mse,LTC,Bidirectional LSTM,1 day ahead
TYX t-56,1.5952353794811656e-06,mse,LTC,Bidirectional LSTM,1 day ahead
Gtrend t-8,1.6229832591600248e-06,mse,LTC,Bidirectional LSTM,1 day ahead
Volume t-51,1.6423008974870978e-06,mse,LTC,Bidirectional LSTM,1 day ahead
Gtrend t-41,1.7581692759120054e-06,mse,LTC,Bidirectional LSTM,1 day ahead
Volume t-55,1.7930108241219142e-06,mse,LTC,Bidirectional LSTM,1 day ahead
Volume t-56,1.830533546113948e-06,mse,LTC,Bidirectional LSTM,1 day ahead
TYX t-47,1.9336915325182842e-06,mse,LTC,Bidirectional LSTM,1 day ahead
Gtrend t-18,1.987196329404726e-06,mse,LTC,Bidirectional LSTM,1 day ahead
TYX t-55,2.240503484710662e-06,mse,LTC,Bidirectional LSTM,1 day ahead
Close t-52,2.242225729927761e-06,mse,LTC,Bidirectional LSTM,1 day ahead
Gtrend t-42,2.316411820348259e-06,mse,LTC,Bidirectional LSTM,1 day ahead
TYX t-51,2.511939927231279e-06,mse,LTC,Bidirectional LSTM,1 day ahead
Volume t-54,2.5364421305800085e-06,mse,LTC,Bidirectional LSTM,1 day ahead
Close t-58,2.576324290730781e-06,mse,LTC,Bidirectional LSTM,1 day ahead
Gtrend t-43,2.5822563223740214e-06,mse,LTC,Bidirectional LSTM,1 day ahead
Volume t-58,2.7948137574897516e-06,mse,LTC,Bidirectional LSTM,1 day ahead
Volume t-53,2.8566047775213307e-06,mse,LTC,Bidirectional LSTM,1 day ahead
TYX t-48,2.8580198884182832e-06,mse,LTC,Bidirectional LSTM,1 day ahead
Gtrend t-17,2.971749286679627e-06,mse,LTC,Bidirectional LSTM,1 day ahead
TYX t-50,3.0445596341170493e-06,mse,LTC,Bidirectional LSTM,1 day ahead
Gtrend t-10,3.0474981705876265e-06,mse,LTC,Bidirectional LSTM,1 day ahead
Volume t-60,3.0871360667448187e-06,mse,LTC,Bidirectional LSTM,1 day ahead
Close t-53,3.1653954513182446e-06,mse,LTC,Bidirectional LSTM,1 day ahead
TYX t-52,3.182088344440715e-06,mse,LTC,Bidirectional LSTM,1 day ahead
TYX t-54,3.1836252488287586e-06,mse,LTC,Bidirectional LSTM,1 day ahead
Close t-14,3.1908602942708544e-06,mse,LTC,Bidirectional LSTM,1 day ahead
TYX t-49,3.2031336198589007e-06,mse,LTC,Bidirectional LSTM,1 day ahead
Volume t-59,3.682108813438806e-06,mse,LTC,Bidirectional LSTM,1 day ahead
Gtrend t-44,4.096763091160013e-06,mse,LTC,Bidirectional LSTM,1 day ahead
TYX t-53,4.589094922451131e-06,mse,LTC,Bidirectional LSTM,1 day ahead
Gtrend t-13,4.735234261657884e-06,mse,LTC,Bidirectional LSTM,1 day ahead
Gtrend t-45,5.218512890689531e-06,mse,LTC,Bidirectional LSTM,1 day ahead
Volume t-57,5.219087648516366e-06,mse,LTC,Bidirectional LSTM,1 day ahead
Gtrend t-12,5.587599455553378e-06,mse,LTC,Bidirectional LSTM,1 day ahead
Close t-57,5.966196562791695e-06,mse,LTC,Bidirectional LSTM,1 day ahead
Close t-54,6.45891287618652e-06,mse,LTC,Bidirectional LSTM,1 day ahead
Gtrend t-46,6.525890291704355e-06,mse,LTC,Bidirectional LSTM,1 day ahead
Gtrend t-47,7.0271919225014905e-06,mse,LTC,Bidirectional LSTM,1 day ahead
Gtrend t-11,7.078558358519782e-06,mse,LTC,Bidirectional LSTM,1 day ahead
Close t-13,8.640131950446526e-06,mse,LTC,Bidirectional LSTM,1 day ahead
Volume t-2,8.940439846007522e-06,mse,LTC,Bidirectional LSTM,1 day ahead
Gtrend t-48,9.611167583086378e-06,mse,LTC,Bidirectional LSTM,1 day ahead
Gtrend t-50,1.223344313355237e-05,mse,LTC,Bidirectional LSTM,1 day ahead
Gtrend t-49,1.2777873714007234e-05,mse,LTC,Bidirectional LSTM,1 day ahead
Close t-59,1.3120341699871668e-05,mse,LTC,Bidirectional LSTM,1 day ahead
Gtrend t-51,1.408166727993659e-05,mse,LTC,Bidirectional LSTM,1 day ahead
Gtrend t-53,1.4156768910565404e-05,mse,LTC,Bidirectional LSTM,1 day ahead
Gtrend t-60,1.649830664343611e-05,mse,LTC,Bidirectional LSTM,1 day ahead
Gtrend t-52,1.7279467254343976e-05,mse,LTC,Bidirectional LSTM,1 day ahead
Gtrend t-59,1.801483261856026e-05,mse,LTC,Bidirectional LSTM,1 day ahead
Close t-12,1.996614736406643e-05,mse,LTC,Bidirectional LSTM,1 day ahead
Gtrend t-55,2.1652707691438913e-05,mse,LTC,Bidirectional LSTM,1 day ahead
Gtrend t-58,2.2159650879699858e-05,mse,LTC,Bidirectional LSTM,1 day ahead
Gtrend t-54,2.290418421387226e-05,mse,LTC,Bidirectional LSTM,1 day ahead
Gtrend t-57,2.311621798527664e-05,mse,LTC,Bidirectional LSTM,1 day ahead
Gtrend t-56,2.313408331956453e-05,mse,LTC,Bidirectional LSTM,1 day ahead
Close t-11,2.9465032769990934e-05,mse,LTC,Bidirectional LSTM,1 day ahead
Volume t-1,4.945115483752762e-05,mse,LTC,Bidirectional LSTM,1 day ahead
Close t-10,6.0866873147810696e-05,mse,LTC,Bidirectional LSTM,1 day ahead
TYX t-1,7.670272119852462e-05,mse,LTC,Bidirectional LSTM,1 day ahead
Close t-9,8.958302801675934e-05,mse,LTC,Bidirectional LSTM,1 day ahead
Close t-8,0.00013685896779393279,mse,LTC,Bidirectional LSTM,1 day ahead
Close t-7,0.0001939817082212995,mse,LTC,Bidirectional LSTM,1 day ahead
Close t-6,0.000294342734409835,mse,LTC,Bidirectional LSTM,1 day ahead
Close t-5,0.0004556596788982642,mse,LTC,Bidirectional LSTM,1 day ahead
Close t-4,0.0006009623291986198,mse,LTC,Bidirectional LSTM,1 day ahead
Close t-3,0.001014074837416301,mse,LTC,Bidirectional LSTM,1 day ahead
Close t-2,0.0012167903136266157,mse,LTC,Bidirectional LSTM,1 day ahead
Close t-1,0.0015390634515429036,mse,LTC,Bidirectional LSTM,1 day ahead
