,Feature,Importance,Metric,Ticker,Model,Scope
476,Close t-2,-3.5630380224471736e-05,mae,BTC,Deep Learning LSTM,1 day ahead
478,Close t-1,-3.295804003944358e-05,mae,BTC,Deep Learning LSTM,1 day ahead
474,Close t-3,-2.0524028892854318e-05,mae,BTC,Deep Learning LSTM,1 day ahead
118,Gtrend t-1,-1.8440282661291718e-05,mae,BTC,Deep Learning LSTM,1 day ahead
114,Gtrend t-3,-1.3813697286479965e-05,mae,BTC,Deep Learning LSTM,1 day ahead
110,Gtrend t-5,-1.1473847553178373e-05,mae,BTC,Deep Learning LSTM,1 day ahead
112,Gtrend t-4,-1.0669435540289207e-05,mae,BTC,Deep Learning LSTM,1 day ahead
116,Gtrend t-2,-9.986468629041845e-06,mae,BTC,Deep Learning LSTM,1 day ahead
472,Close t-4,-9.022124928148578e-06,mae,BTC,Deep Learning LSTM,1 day ahead
106,Gtrend t-7,-5.238319504830002e-06,mae,BTC,Deep Learning LSTM,1 day ahead
108,Gtrend t-6,-3.839291836338354e-06,mae,BTC,Deep Learning LSTM,1 day ahead
102,Gtrend t-9,-2.6940380873918812e-06,mae,BTC,Deep Learning LSTM,1 day ahead
238,TYX t-1,-2.3421984522986605e-06,mae,BTC,Deep Learning LSTM,1 day ahead
94,Gtrend t-13,-1.927932775425134e-06,mae,BTC,Deep Learning LSTM,1 day ahead
104,Gtrend t-8,-1.7591229040103684e-06,mae,BTC,Deep Learning LSTM,1 day ahead
98,Gtrend t-11,-1.7508615625105861e-06,mae,BTC,Deep Learning LSTM,1 day ahead
96,Gtrend t-12,-1.6334039248944165e-06,mae,BTC,Deep Learning LSTM,1 day ahead
88,Gtrend t-16,-7.51930710030102e-07,mae,BTC,Deep Learning LSTM,1 day ahead
90,Gtrend t-15,-6.860683430254255e-07,mae,BTC,Deep Learning LSTM,1 day ahead
82,Gtrend t-19,-2.5085492494358874e-07,mae,BTC,Deep Learning LSTM,1 day ahead
80,Gtrend t-20,-1.8470614437937627e-07,mae,BTC,Deep Learning LSTM,1 day ahead
316,Volume t-22,-7.357065601176771e-08,mae,BTC,Deep Learning LSTM,1 day ahead
330,Volume t-15,-5.017085746850114e-08,mae,BTC,Deep Learning LSTM,1 day ahead
70,Gtrend t-25,-4.9097922838470254e-08,mae,BTC,Deep Learning LSTM,1 day ahead
78,Gtrend t-21,-4.663565900120403e-08,mae,BTC,Deep Learning LSTM,1 day ahead
72,Gtrend t-24,-2.3855891595481182e-08,mae,BTC,Deep Learning LSTM,1 day ahead
52,Gtrend t-34,-2.0019607971377695e-08,mae,BTC,Deep Learning LSTM,1 day ahead
326,Volume t-17,-1.4318765617638007e-08,mae,BTC,Deep Learning LSTM,1 day ahead
64,Gtrend t-28,-9.731045191863075e-09,mae,BTC,Deep Learning LSTM,1 day ahead
42,Gtrend t-39,-7.003418178719301e-09,mae,BTC,Deep Learning LSTM,1 day ahead
68,Gtrend t-26,-6.149918463371762e-09,mae,BTC,Deep Learning LSTM,1 day ahead
38,Gtrend t-41,-5.544558812076161e-09,mae,BTC,Deep Learning LSTM,1 day ahead
24,Gtrend t-48,-3.884125465702937e-09,mae,BTC,Deep Learning LSTM,1 day ahead
30,Gtrend t-45,-3.775045942511213e-09,mae,BTC,Deep Learning LSTM,1 day ahead
26,Gtrend t-47,-3.1658589083605193e-09,mae,BTC,Deep Learning LSTM,1 day ahead
14,Gtrend t-53,-1.9379164939437032e-09,mae,BTC,Deep Learning LSTM,1 day ahead
16,Gtrend t-52,-1.7395319629187611e-09,mae,BTC,Deep Learning LSTM,1 day ahead
18,Gtrend t-51,-1.284076955876401e-09,mae,BTC,Deep Learning LSTM,1 day ahead
12,Gtrend t-54,-1.0735725641808358e-09,mae,BTC,Deep Learning LSTM,1 day ahead
36,Gtrend t-42,-1.0219033397262933e-09,mae,BTC,Deep Learning LSTM,1 day ahead
4,Gtrend t-58,-8.834807330160288e-10,mae,BTC,Deep Learning LSTM,1 day ahead
8,Gtrend t-56,-7.144392855096271e-10,mae,BTC,Deep Learning LSTM,1 day ahead
6,Gtrend t-57,-5.001075109589692e-10,mae,BTC,Deep Learning LSTM,1 day ahead
20,Gtrend t-50,-3.6040914697110793e-10,mae,BTC,Deep Learning LSTM,1 day ahead
10,Gtrend t-55,-1.0525225135893379e-10,mae,BTC,Deep Learning LSTM,1 day ahead
48,Gtrend t-36,-2.870514936859081e-11,mae,BTC,Deep Learning LSTM,1 day ahead
22,Gtrend t-49,0.0,mae,BTC,Deep Learning LSTM,1 day ahead
34,Gtrend t-43,8.930411965479834e-12,mae,BTC,Deep Learning LSTM,1 day ahead
0,Gtrend t-60,6.187550471992154e-11,mae,BTC,Deep Learning LSTM,1 day ahead
2,Gtrend t-59,1.7159296206159524e-10,mae,BTC,Deep Learning LSTM,1 day ahead
240,Volume t-60,2.8832725096350487e-10,mae,BTC,Deep Learning LSTM,1 day ahead
28,Gtrend t-46,3.897521194673459e-10,mae,BTC,Deep Learning LSTM,1 day ahead
46,Gtrend t-37,4.0825098857055764e-10,mae,BTC,Deep Learning LSTM,1 day ahead
56,Gtrend t-32,4.165435774083903e-10,mae,BTC,Deep Learning LSTM,1 day ahead
242,Volume t-59,5.798439506321529e-10,mae,BTC,Deep Learning LSTM,1 day ahead
44,Gtrend t-38,1.2094435453136043e-09,mae,BTC,Deep Learning LSTM,1 day ahead
244,Volume t-58,1.3204367599328748e-09,mae,BTC,Deep Learning LSTM,1 day ahead
248,Volume t-56,1.3382978059084394e-09,mae,BTC,Deep Learning LSTM,1 day ahead
246,Volume t-57,1.502236002259849e-09,mae,BTC,Deep Learning LSTM,1 day ahead
250,Volume t-55,2.2390015397277807e-09,mae,BTC,Deep Learning LSTM,1 day ahead
252,Volume t-54,2.3767862122880956e-09,mae,BTC,Deep Learning LSTM,1 day ahead
360,Close t-60,2.3984745300964505e-09,mae,BTC,Deep Learning LSTM,1 day ahead
256,Volume t-52,2.7257132106939252e-09,mae,BTC,Deep Learning LSTM,1 day ahead
262,Volume t-49,3.3706222257734453e-09,mae,BTC,Deep Learning LSTM,1 day ahead
32,Gtrend t-44,3.507769075206113e-09,mae,BTC,Deep Learning LSTM,1 day ahead
258,Volume t-51,3.5351983562748046e-09,mae,BTC,Deep Learning LSTM,1 day ahead
362,Close t-59,3.544128879262587e-09,mae,BTC,Deep Learning LSTM,1 day ahead
368,Close t-56,3.735496578727293e-09,mae,BTC,Deep Learning LSTM,1 day ahead
40,Gtrend t-40,3.8043889150074506e-09,mae,BTC,Deep Learning LSTM,1 day ahead
254,Volume t-53,3.899434886101005e-09,mae,BTC,Deep Learning LSTM,1 day ahead
260,Volume t-50,4.127162389622185e-09,mae,BTC,Deep Learning LSTM,1 day ahead
364,Close t-58,4.2336902872364135e-09,mae,BTC,Deep Learning LSTM,1 day ahead
366,Close t-57,4.709557854809532e-09,mae,BTC,Deep Learning LSTM,1 day ahead
320,Volume t-20,5.106964739987063e-09,mae,BTC,Deep Learning LSTM,1 day ahead
120,TYX t-60,5.300246019857013e-09,mae,BTC,Deep Learning LSTM,1 day ahead
270,Volume t-45,5.33596800078584e-09,mae,BTC,Deep Learning LSTM,1 day ahead
264,Volume t-48,5.417618242908873e-09,mae,BTC,Deep Learning LSTM,1 day ahead
370,Close t-55,5.809284053803765e-09,mae,BTC,Deep Learning LSTM,1 day ahead
122,TYX t-59,6.692764675797491e-09,mae,BTC,Deep Learning LSTM,1 day ahead
374,Close t-53,6.7061604047680134e-09,mae,BTC,Deep Learning LSTM,1 day ahead
376,Close t-52,7.48311301812521e-09,mae,BTC,Deep Learning LSTM,1 day ahead
60,Gtrend t-30,8.383816862966853e-09,mae,BTC,Deep Learning LSTM,1 day ahead
266,Volume t-47,9.245609167152224e-09,mae,BTC,Deep Learning LSTM,1 day ahead
372,Close t-54,9.26155641067794e-09,mae,BTC,Deep Learning LSTM,1 day ahead
124,TYX t-58,9.462492456258076e-09,mae,BTC,Deep Learning LSTM,1 day ahead
50,Gtrend t-35,9.7170114177203e-09,mae,BTC,Deep Learning LSTM,1 day ahead
268,Volume t-46,1.0058921695588197e-08,mae,BTC,Deep Learning LSTM,1 day ahead
294,Volume t-33,1.0267512395856215e-08,mae,BTC,Deep Learning LSTM,1 day ahead
126,TYX t-57,1.1008743139306887e-08,mae,BTC,Deep Learning LSTM,1 day ahead
54,Gtrend t-33,1.1268365240901801e-08,mae,BTC,Deep Learning LSTM,1 day ahead
286,Volume t-37,1.1657479426219197e-08,mae,BTC,Deep Learning LSTM,1 day ahead
272,Volume t-44,1.19234805362467e-08,mae,BTC,Deep Learning LSTM,1 day ahead
58,Gtrend t-31,1.1965581414585813e-08,mae,BTC,Deep Learning LSTM,1 day ahead
274,Volume t-43,1.250970338428914e-08,mae,BTC,Deep Learning LSTM,1 day ahead
128,TYX t-56,1.2996415166277586e-08,mae,BTC,Deep Learning LSTM,1 day ahead
276,Volume t-42,1.3166732371061585e-08,mae,BTC,Deep Learning LSTM,1 day ahead
378,Close t-51,1.4456550290198322e-08,mae,BTC,Deep Learning LSTM,1 day ahead
382,Close t-49,1.5827380628330445e-08,mae,BTC,Deep Learning LSTM,1 day ahead
130,TYX t-55,1.6767633725933706e-08,mae,BTC,Deep Learning LSTM,1 day ahead
380,Close t-50,1.8303040083544886e-08,mae,BTC,Deep Learning LSTM,1 day ahead
132,TYX t-54,1.8409568092181416e-08,mae,BTC,Deep Learning LSTM,1 day ahead
134,TYX t-53,1.901428992034937e-08,mae,BTC,Deep Learning LSTM,1 day ahead
278,Volume t-41,1.9262429984401308e-08,mae,BTC,Deep Learning LSTM,1 day ahead
282,Volume t-39,2.0233939745928353e-08,mae,BTC,Deep Learning LSTM,1 day ahead
386,Close t-47,2.1603494215760577e-08,mae,BTC,Deep Learning LSTM,1 day ahead
284,Volume t-38,2.3005581217816484e-08,mae,BTC,Deep Learning LSTM,1 day ahead
384,Close t-48,2.6908843486772582e-08,mae,BTC,Deep Learning LSTM,1 day ahead
280,Volume t-40,2.785930275361892e-08,mae,BTC,Deep Learning LSTM,1 day ahead
62,Gtrend t-29,3.04848669641089e-08,mae,BTC,Deep Learning LSTM,1 day ahead
136,TYX t-52,3.261542680377261e-08,mae,BTC,Deep Learning LSTM,1 day ahead
392,Close t-44,3.3024315726493114e-08,mae,BTC,Deep Learning LSTM,1 day ahead
292,Volume t-34,3.5593107572395866e-08,mae,BTC,Deep Learning LSTM,1 day ahead
138,TYX t-51,3.611490329014089e-08,mae,BTC,Deep Learning LSTM,1 day ahead
288,Volume t-36,3.6542291081964606e-08,mae,BTC,Deep Learning LSTM,1 day ahead
390,Close t-45,3.749912935724353e-08,mae,BTC,Deep Learning LSTM,1 day ahead
388,Close t-46,4.1599500288924673e-08,mae,BTC,Deep Learning LSTM,1 day ahead
140,TYX t-50,4.191525682095687e-08,mae,BTC,Deep Learning LSTM,1 day ahead
290,Volume t-35,4.2717725245999816e-08,mae,BTC,Deep Learning LSTM,1 day ahead
394,Close t-43,4.287528454494094e-08,mae,BTC,Deep Learning LSTM,1 day ahead
396,Close t-42,4.521315943861737e-08,mae,BTC,Deep Learning LSTM,1 day ahead
298,Volume t-31,4.6546353993370815e-08,mae,BTC,Deep Learning LSTM,1 day ahead
328,Volume t-16,5.051404339262433e-08,mae,BTC,Deep Learning LSTM,1 day ahead
66,Gtrend t-27,5.1097714726111576e-08,mae,BTC,Deep Learning LSTM,1 day ahead
142,TYX t-49,5.686681148198147e-08,mae,BTC,Deep Learning LSTM,1 day ahead
306,Volume t-27,6.384280037963208e-08,mae,BTC,Deep Learning LSTM,1 day ahead
312,Volume t-24,6.55032337260053e-08,mae,BTC,Deep Learning LSTM,1 day ahead
300,Volume t-30,6.615005632149007e-08,mae,BTC,Deep Learning LSTM,1 day ahead
304,Volume t-28,6.818493236693257e-08,mae,BTC,Deep Learning LSTM,1 day ahead
308,Volume t-26,6.919088835211085e-08,mae,BTC,Deep Learning LSTM,1 day ahead
144,TYX t-48,7.001249346938465e-08,mae,BTC,Deep Learning LSTM,1 day ahead
296,Volume t-32,7.703759996591231e-08,mae,BTC,Deep Learning LSTM,1 day ahead
310,Volume t-25,7.895510389932525e-08,mae,BTC,Deep Learning LSTM,1 day ahead
348,Volume t-6,8.019580410856264e-08,mae,BTC,Deep Learning LSTM,1 day ahead
302,Volume t-29,8.200359058463391e-08,mae,BTC,Deep Learning LSTM,1 day ahead
146,TYX t-47,8.762342063040052e-08,mae,BTC,Deep Learning LSTM,1 day ahead
398,Close t-41,9.0076116010529e-08,mae,BTC,Deep Learning LSTM,1 day ahead
148,TYX t-46,9.08071404737143e-08,mae,BTC,Deep Learning LSTM,1 day ahead
336,Volume t-12,9.282351765005359e-08,mae,BTC,Deep Learning LSTM,1 day ahead
84,Gtrend t-18,1.0274529249620912e-07,mae,BTC,Deep Learning LSTM,1 day ahead
76,Gtrend t-22,1.0881100920290265e-07,mae,BTC,Deep Learning LSTM,1 day ahead
150,TYX t-45,1.202229001906474e-07,mae,BTC,Deep Learning LSTM,1 day ahead
74,Gtrend t-23,1.2066751098327444e-07,mae,BTC,Deep Learning LSTM,1 day ahead
324,Volume t-18,1.4082873112108985e-07,mae,BTC,Deep Learning LSTM,1 day ahead
400,Close t-40,1.41919526686074e-07,mae,BTC,Deep Learning LSTM,1 day ahead
314,Volume t-23,1.4280555893364522e-07,mae,BTC,Deep Learning LSTM,1 day ahead
152,TYX t-44,1.6744031683391114e-07,mae,BTC,Deep Learning LSTM,1 day ahead
318,Volume t-21,1.7076756242406788e-07,mae,BTC,Deep Learning LSTM,1 day ahead
402,Close t-39,1.7449986955409003e-07,mae,BTC,Deep Learning LSTM,1 day ahead
406,Close t-37,1.77422691427509e-07,mae,BTC,Deep Learning LSTM,1 day ahead
334,Volume t-13,1.8030979143102144e-07,mae,BTC,Deep Learning LSTM,1 day ahead
404,Close t-38,1.8962748249418127e-07,mae,BTC,Deep Learning LSTM,1 day ahead
154,TYX t-43,1.923480925647425e-07,mae,BTC,Deep Learning LSTM,1 day ahead
156,TYX t-42,2.173088133883283e-07,mae,BTC,Deep Learning LSTM,1 day ahead
410,Close t-35,2.2985934189367896e-07,mae,BTC,Deep Learning LSTM,1 day ahead
322,Volume t-19,2.524802741321608e-07,mae,BTC,Deep Learning LSTM,1 day ahead
92,Gtrend t-14,2.5865251884749085e-07,mae,BTC,Deep Learning LSTM,1 day ahead
470,Close t-5,2.8519967743001473e-07,mae,BTC,Deep Learning LSTM,1 day ahead
158,TYX t-41,2.901873563665447e-07,mae,BTC,Deep Learning LSTM,1 day ahead
414,Close t-33,3.435572430987577e-07,mae,BTC,Deep Learning LSTM,1 day ahead
408,Close t-36,3.5048156254990914e-07,mae,BTC,Deep Learning LSTM,1 day ahead
160,TYX t-40,3.630269880261494e-07,mae,BTC,Deep Learning LSTM,1 day ahead
86,Gtrend t-17,3.655976934524574e-07,mae,BTC,Deep Learning LSTM,1 day ahead
344,Volume t-8,3.8020287262963137e-07,mae,BTC,Deep Learning LSTM,1 day ahead
352,Volume t-4,3.881554744289417e-07,mae,BTC,Deep Learning LSTM,1 day ahead
162,TYX t-39,4.262618771289084e-07,mae,BTC,Deep Learning LSTM,1 day ahead
338,Volume t-11,4.544407639084369e-07,mae,BTC,Deep Learning LSTM,1 day ahead
412,Close t-34,4.973288063592207e-07,mae,BTC,Deep Learning LSTM,1 day ahead
164,TYX t-38,5.225867849567578e-07,mae,BTC,Deep Learning LSTM,1 day ahead
416,Close t-32,5.241706712011407e-07,mae,BTC,Deep Learning LSTM,1 day ahead
332,Volume t-14,5.675192717990996e-07,mae,BTC,Deep Learning LSTM,1 day ahead
340,Volume t-10,6.247586123997451e-07,mae,BTC,Deep Learning LSTM,1 day ahead
166,TYX t-37,6.458779464590947e-07,mae,BTC,Deep Learning LSTM,1 day ahead
358,Volume t-1,6.70875027086737e-07,mae,BTC,Deep Learning LSTM,1 day ahead
350,Volume t-5,7.243890773889206e-07,mae,BTC,Deep Learning LSTM,1 day ahead
346,Volume t-7,7.715656690221451e-07,mae,BTC,Deep Learning LSTM,1 day ahead
168,TYX t-36,8.42150351787474e-07,mae,BTC,Deep Learning LSTM,1 day ahead
420,Close t-30,8.622879698050312e-07,mae,BTC,Deep Learning LSTM,1 day ahead
418,Close t-31,8.626477410178524e-07,mae,BTC,Deep Learning LSTM,1 day ahead
342,Volume t-9,9.764011387192184e-07,mae,BTC,Deep Learning LSTM,1 day ahead
100,Gtrend t-10,9.98996555368059e-07,mae,BTC,Deep Learning LSTM,1 day ahead
422,Close t-29,1.0309224207638579e-06,mae,BTC,Deep Learning LSTM,1 day ahead
170,TYX t-35,1.0619775634435058e-06,mae,BTC,Deep Learning LSTM,1 day ahead
172,TYX t-34,1.130172064267576e-06,mae,BTC,Deep Learning LSTM,1 day ahead
424,Close t-28,1.1330712841317592e-06,mae,BTC,Deep Learning LSTM,1 day ahead
356,Volume t-2,1.189402904167025e-06,mae,BTC,Deep Learning LSTM,1 day ahead
426,Close t-27,1.2662236208438316e-06,mae,BTC,Deep Learning LSTM,1 day ahead
174,TYX t-33,1.53800523650105e-06,mae,BTC,Deep Learning LSTM,1 day ahead
354,Volume t-3,1.5477834856003625e-06,mae,BTC,Deep Learning LSTM,1 day ahead
176,TYX t-32,1.5944727275174486e-06,mae,BTC,Deep Learning LSTM,1 day ahead
428,Close t-26,1.8552940798111095e-06,mae,BTC,Deep Learning LSTM,1 day ahead
430,Close t-25,2.0187239685443004e-06,mae,BTC,Deep Learning LSTM,1 day ahead
178,TYX t-31,2.3396583656021264e-06,mae,BTC,Deep Learning LSTM,1 day ahead
432,Close t-24,2.4907711944077704e-06,mae,BTC,Deep Learning LSTM,1 day ahead
180,TYX t-30,2.6324515115527802e-06,mae,BTC,Deep Learning LSTM,1 day ahead
182,TYX t-29,3.0496227874099446e-06,mae,BTC,Deep Learning LSTM,1 day ahead
436,Close t-22,3.3889852515400776e-06,mae,BTC,Deep Learning LSTM,1 day ahead
434,Close t-23,3.88484435431824e-06,mae,BTC,Deep Learning LSTM,1 day ahead
440,Close t-20,4.023710929113022e-06,mae,BTC,Deep Learning LSTM,1 day ahead
438,Close t-21,4.091427648678092e-06,mae,BTC,Deep Learning LSTM,1 day ahead
184,TYX t-28,4.360861183161369e-06,mae,BTC,Deep Learning LSTM,1 day ahead
186,TYX t-27,4.9085477494825724e-06,mae,BTC,Deep Learning LSTM,1 day ahead
442,Close t-19,5.002428892342259e-06,mae,BTC,Deep Learning LSTM,1 day ahead
444,Close t-18,5.412719863095994e-06,mae,BTC,Deep Learning LSTM,1 day ahead
188,TYX t-26,5.693134073503359e-06,mae,BTC,Deep Learning LSTM,1 day ahead
468,Close t-6,5.936729785438466e-06,mae,BTC,Deep Learning LSTM,1 day ahead
190,TYX t-25,6.991640779441255e-06,mae,BTC,Deep Learning LSTM,1 day ahead
452,Close t-14,7.859760359552048e-06,mae,BTC,Deep Learning LSTM,1 day ahead
446,Close t-17,7.922724782338797e-06,mae,BTC,Deep Learning LSTM,1 day ahead
448,Close t-16,8.878382305566035e-06,mae,BTC,Deep Learning LSTM,1 day ahead
194,TYX t-23,9.306983333345897e-06,mae,BTC,Deep Learning LSTM,1 day ahead
192,TYX t-24,9.33737634389864e-06,mae,BTC,Deep Learning LSTM,1 day ahead
466,Close t-7,1.0257868147234284e-05,mae,BTC,Deep Learning LSTM,1 day ahead
450,Close t-15,1.1150386465152984e-05,mae,BTC,Deep Learning LSTM,1 day ahead
454,Close t-13,1.1165813249447432e-05,mae,BTC,Deep Learning LSTM,1 day ahead
196,TYX t-22,1.3376420925137467e-05,mae,BTC,Deep Learning LSTM,1 day ahead
198,TYX t-21,1.3698053176192104e-05,mae,BTC,Deep Learning LSTM,1 day ahead
456,Close t-12,1.4578929323993961e-05,mae,BTC,Deep Learning LSTM,1 day ahead
460,Close t-10,1.5279445924720747e-05,mae,BTC,Deep Learning LSTM,1 day ahead
458,Close t-11,1.5522840062787147e-05,mae,BTC,Deep Learning LSTM,1 day ahead
236,TYX t-2,1.557904219073869e-05,mae,BTC,Deep Learning LSTM,1 day ahead
462,Close t-9,1.5835276460429704e-05,mae,BTC,Deep Learning LSTM,1 day ahead
200,TYX t-20,1.791744582246846e-05,mae,BTC,Deep Learning LSTM,1 day ahead
464,Close t-8,1.8049080613757873e-05,mae,BTC,Deep Learning LSTM,1 day ahead
202,TYX t-19,2.0235251278033495e-05,mae,BTC,Deep Learning LSTM,1 day ahead
234,TYX t-3,2.052275183261898e-05,mae,BTC,Deep Learning LSTM,1 day ahead
204,TYX t-18,2.3466364595381428e-05,mae,BTC,Deep Learning LSTM,1 day ahead
206,TYX t-17,2.466404797785149e-05,mae,BTC,Deep Learning LSTM,1 day ahead
208,TYX t-16,3.3166596334233134e-05,mae,BTC,Deep Learning LSTM,1 day ahead
210,TYX t-15,3.543386223070488e-05,mae,BTC,Deep Learning LSTM,1 day ahead
232,TYX t-4,3.818360744167748e-05,mae,BTC,Deep Learning LSTM,1 day ahead
212,TYX t-14,4.0189701783099885e-05,mae,BTC,Deep Learning LSTM,1 day ahead
214,TYX t-13,4.118653333240463e-05,mae,BTC,Deep Learning LSTM,1 day ahead
230,TYX t-5,4.760814473436792e-05,mae,BTC,Deep Learning LSTM,1 day ahead
216,TYX t-12,5.077530170649602e-05,mae,BTC,Deep Learning LSTM,1 day ahead
218,TYX t-11,5.293231687109046e-05,mae,BTC,Deep Learning LSTM,1 day ahead
220,TYX t-10,5.444554191025297e-05,mae,BTC,Deep Learning LSTM,1 day ahead
228,TYX t-6,5.714957257862974e-05,mae,BTC,Deep Learning LSTM,1 day ahead
222,TYX t-9,6.304696036418811e-05,mae,BTC,Deep Learning LSTM,1 day ahead
224,TYX t-8,6.789210035573756e-05,mae,BTC,Deep Learning LSTM,1 day ahead
226,TYX t-7,7.331631376006342e-05,mae,BTC,Deep Learning LSTM,1 day ahead
477,Close t-2,-2.3433925052440685e-05,mse,BTC,Deep Learning LSTM,1 day ahead
479,Close t-1,-2.321031139912444e-05,mse,BTC,Deep Learning LSTM,1 day ahead
475,Close t-3,-1.3893139875487126e-05,mse,BTC,Deep Learning LSTM,1 day ahead
119,Gtrend t-1,-1.1763808879239335e-05,mse,BTC,Deep Learning LSTM,1 day ahead
111,Gtrend t-5,-7.140383889825408e-06,mse,BTC,Deep Learning LSTM,1 day ahead
115,Gtrend t-3,-5.148944291655244e-06,mse,BTC,Deep Learning LSTM,1 day ahead
113,Gtrend t-4,-4.510763767506809e-06,mse,BTC,Deep Learning LSTM,1 day ahead
473,Close t-4,-4.03550462746427e-06,mse,BTC,Deep Learning LSTM,1 day ahead
117,Gtrend t-2,-2.1001690137523177e-06,mse,BTC,Deep Learning LSTM,1 day ahead
107,Gtrend t-7,-2.0401972288253134e-06,mse,BTC,Deep Learning LSTM,1 day ahead
95,Gtrend t-13,-1.2395554083721727e-06,mse,BTC,Deep Learning LSTM,1 day ahead
103,Gtrend t-9,-1.0619338846051818e-06,mse,BTC,Deep Learning LSTM,1 day ahead
99,Gtrend t-11,-9.816624284564313e-07,mse,BTC,Deep Learning LSTM,1 day ahead
89,Gtrend t-16,-7.429172034223441e-07,mse,BTC,Deep Learning LSTM,1 day ahead
97,Gtrend t-12,-5.910466320258045e-07,mse,BTC,Deep Learning LSTM,1 day ahead
91,Gtrend t-15,-5.457756123150581e-07,mse,BTC,Deep Learning LSTM,1 day ahead
105,Gtrend t-8,-5.198300813691326e-07,mse,BTC,Deep Learning LSTM,1 day ahead
83,Gtrend t-19,-2.56459351866134e-07,mse,BTC,Deep Learning LSTM,1 day ahead
81,Gtrend t-20,-2.372770746550401e-07,mse,BTC,Deep Learning LSTM,1 day ahead
79,Gtrend t-21,-8.789200300896027e-08,mse,BTC,Deep Learning LSTM,1 day ahead
71,Gtrend t-25,-6.764616722332306e-08,mse,BTC,Deep Learning LSTM,1 day ahead
317,Volume t-22,-4.710256401585511e-08,mse,BTC,Deep Learning LSTM,1 day ahead
337,Volume t-12,-4.2519500753623873e-08,mse,BTC,Deep Learning LSTM,1 day ahead
331,Volume t-15,-3.7568500699247664e-08,mse,BTC,Deep Learning LSTM,1 day ahead
73,Gtrend t-24,-3.08892558198437e-08,mse,BTC,Deep Learning LSTM,1 day ahead
53,Gtrend t-34,-1.551392037058008e-08,mse,BTC,Deep Learning LSTM,1 day ahead
69,Gtrend t-26,-1.2156991469058909e-08,mse,BTC,Deep Learning LSTM,1 day ahead
43,Gtrend t-39,-8.282362740086313e-09,mse,BTC,Deep Learning LSTM,1 day ahead
39,Gtrend t-41,-7.4443672337665134e-09,mse,BTC,Deep Learning LSTM,1 day ahead
31,Gtrend t-45,-4.053004931670046e-09,mse,BTC,Deep Learning LSTM,1 day ahead
27,Gtrend t-47,-3.5546118271057026e-09,mse,BTC,Deep Learning LSTM,1 day ahead
25,Gtrend t-48,-3.013345517555166e-09,mse,BTC,Deep Learning LSTM,1 day ahead
37,Gtrend t-42,-2.496527928830261e-09,mse,BTC,Deep Learning LSTM,1 day ahead
47,Gtrend t-37,-2.365798446035683e-09,mse,BTC,Deep Learning LSTM,1 day ahead
65,Gtrend t-28,-2.2911902930466965e-09,mse,BTC,Deep Learning LSTM,1 day ahead
15,Gtrend t-53,-1.1013914225088683e-09,mse,BTC,Deep Learning LSTM,1 day ahead
35,Gtrend t-43,-9.406461720651293e-10,mse,BTC,Deep Learning LSTM,1 day ahead
49,Gtrend t-36,-9.066601913687578e-10,mse,BTC,Deep Learning LSTM,1 day ahead
17,Gtrend t-52,-8.514495219991147e-10,mse,BTC,Deep Learning LSTM,1 day ahead
45,Gtrend t-38,-6.855028211738556e-10,mse,BTC,Deep Learning LSTM,1 day ahead
13,Gtrend t-54,-5.921977352940644e-10,mse,BTC,Deep Learning LSTM,1 day ahead
29,Gtrend t-46,-3.1853497617362336e-10,mse,BTC,Deep Learning LSTM,1 day ahead
5,Gtrend t-58,-2.9297708703523995e-10,mse,BTC,Deep Learning LSTM,1 day ahead
19,Gtrend t-51,-2.487106076642931e-10,mse,BTC,Deep Learning LSTM,1 day ahead
9,Gtrend t-56,-1.6126233681745816e-10,mse,BTC,Deep Learning LSTM,1 day ahead
7,Gtrend t-57,-1.5580470247300582e-10,mse,BTC,Deep Learning LSTM,1 day ahead
241,Volume t-60,2.6694296773044357e-10,mse,BTC,Deep Learning LSTM,1 day ahead
41,Gtrend t-40,2.966579759622334e-10,mse,BTC,Deep Learning LSTM,1 day ahead
1,Gtrend t-60,3.1435981595606677e-10,mse,BTC,Deep Learning LSTM,1 day ahead
11,Gtrend t-55,3.15004855533374e-10,mse,BTC,Deep Learning LSTM,1 day ahead
21,Gtrend t-50,3.38107764008555e-10,mse,BTC,Deep Learning LSTM,1 day ahead
3,Gtrend t-59,4.4495995776827613e-10,mse,BTC,Deep Learning LSTM,1 day ahead
23,Gtrend t-49,5.478895670485429e-10,mse,BTC,Deep Learning LSTM,1 day ahead
243,Volume t-59,6.014028164358365e-10,mse,BTC,Deep Learning LSTM,1 day ahead
245,Volume t-58,1.1975274660791513e-09,mse,BTC,Deep Learning LSTM,1 day ahead
247,Volume t-57,1.2914465608027115e-09,mse,BTC,Deep Learning LSTM,1 day ahead
249,Volume t-56,1.3610397253671636e-09,mse,BTC,Deep Learning LSTM,1 day ahead
33,Gtrend t-44,1.493180967759855e-09,mse,BTC,Deep Learning LSTM,1 day ahead
251,Volume t-55,2.0658170729603853e-09,mse,BTC,Deep Learning LSTM,1 day ahead
253,Volume t-54,2.1862497368019262e-09,mse,BTC,Deep Learning LSTM,1 day ahead
361,Close t-60,2.2563905188732747e-09,mse,BTC,Deep Learning LSTM,1 day ahead
257,Volume t-52,2.629880535565121e-09,mse,BTC,Deep Learning LSTM,1 day ahead
369,Close t-56,3.1209274609089732e-09,mse,BTC,Deep Learning LSTM,1 day ahead
363,Close t-59,3.151265803857939e-09,mse,BTC,Deep Learning LSTM,1 day ahead
259,Volume t-51,3.4440157947734917e-09,mse,BTC,Deep Learning LSTM,1 day ahead
365,Close t-58,3.699220929576086e-09,mse,BTC,Deep Learning LSTM,1 day ahead
263,Volume t-49,3.826552241736891e-09,mse,BTC,Deep Learning LSTM,1 day ahead
255,Volume t-53,3.841114648572841e-09,mse,BTC,Deep Learning LSTM,1 day ahead
121,TYX t-60,4.022941701986582e-09,mse,BTC,Deep Learning LSTM,1 day ahead
261,Volume t-50,4.235205575131573e-09,mse,BTC,Deep Learning LSTM,1 day ahead
367,Close t-57,4.25829926875565e-09,mse,BTC,Deep Learning LSTM,1 day ahead
123,TYX t-59,5.139813186172404e-09,mse,BTC,Deep Learning LSTM,1 day ahead
371,Close t-55,5.463844932052098e-09,mse,BTC,Deep Learning LSTM,1 day ahead
265,Volume t-48,5.605155006804807e-09,mse,BTC,Deep Learning LSTM,1 day ahead
375,Close t-53,6.0543017821323986e-09,mse,BTC,Deep Learning LSTM,1 day ahead
271,Volume t-45,6.114383943600643e-09,mse,BTC,Deep Learning LSTM,1 day ahead
377,Close t-52,6.868581203800517e-09,mse,BTC,Deep Learning LSTM,1 day ahead
125,TYX t-58,7.731356221896135e-09,mse,BTC,Deep Learning LSTM,1 day ahead
57,Gtrend t-32,8.171708698601066e-09,mse,BTC,Deep Learning LSTM,1 day ahead
373,Close t-54,8.244475435681409e-09,mse,BTC,Deep Learning LSTM,1 day ahead
127,TYX t-57,8.972976583976333e-09,mse,BTC,Deep Learning LSTM,1 day ahead
55,Gtrend t-33,9.263306455231657e-09,mse,BTC,Deep Learning LSTM,1 day ahead
267,Volume t-47,9.888780738709357e-09,mse,BTC,Deep Learning LSTM,1 day ahead
269,Volume t-46,1.0060311972370783e-08,mse,BTC,Deep Learning LSTM,1 day ahead
129,TYX t-56,1.0456606802655699e-08,mse,BTC,Deep Learning LSTM,1 day ahead
51,Gtrend t-35,1.0701812269697797e-08,mse,BTC,Deep Learning LSTM,1 day ahead
61,Gtrend t-30,1.224627049767335e-08,mse,BTC,Deep Learning LSTM,1 day ahead
379,Close t-51,1.2459469400649681e-08,mse,BTC,Deep Learning LSTM,1 day ahead
383,Close t-49,1.2976173247025713e-08,mse,BTC,Deep Learning LSTM,1 day ahead
273,Volume t-44,1.311952779747827e-08,mse,BTC,Deep Learning LSTM,1 day ahead
131,TYX t-55,1.3380142160901443e-08,mse,BTC,Deep Learning LSTM,1 day ahead
275,Volume t-43,1.4047671692551944e-08,mse,BTC,Deep Learning LSTM,1 day ahead
277,Volume t-42,1.4109072132839628e-08,mse,BTC,Deep Learning LSTM,1 day ahead
295,Volume t-33,1.4180452312384517e-08,mse,BTC,Deep Learning LSTM,1 day ahead
135,TYX t-53,1.4232449274675929e-08,mse,BTC,Deep Learning LSTM,1 day ahead
133,TYX t-54,1.4446202400986152e-08,mse,BTC,Deep Learning LSTM,1 day ahead
287,Volume t-37,1.5269762176917112e-08,mse,BTC,Deep Learning LSTM,1 day ahead
381,Close t-50,1.6264342816985078e-08,mse,BTC,Deep Learning LSTM,1 day ahead
387,Close t-47,1.7288729725617458e-08,mse,BTC,Deep Learning LSTM,1 day ahead
327,Volume t-17,2.0708421588633286e-08,mse,BTC,Deep Learning LSTM,1 day ahead
393,Close t-44,2.1895320778675398e-08,mse,BTC,Deep Learning LSTM,1 day ahead
279,Volume t-41,2.221021599968509e-08,mse,BTC,Deep Learning LSTM,1 day ahead
283,Volume t-39,2.2502238739008362e-08,mse,BTC,Deep Learning LSTM,1 day ahead
385,Close t-48,2.3959027428688273e-08,mse,BTC,Deep Learning LSTM,1 day ahead
59,Gtrend t-31,2.476818283803084e-08,mse,BTC,Deep Learning LSTM,1 day ahead
321,Volume t-20,2.539435861592665e-08,mse,BTC,Deep Learning LSTM,1 day ahead
137,TYX t-52,2.5847126772227114e-08,mse,BTC,Deep Learning LSTM,1 day ahead
285,Volume t-38,2.737014864750975e-08,mse,BTC,Deep Learning LSTM,1 day ahead
139,TYX t-51,2.831517348367285e-08,mse,BTC,Deep Learning LSTM,1 day ahead
281,Volume t-40,3.16216805518188e-08,mse,BTC,Deep Learning LSTM,1 day ahead
141,TYX t-50,3.2567873342603804e-08,mse,BTC,Deep Learning LSTM,1 day ahead
397,Close t-42,3.335665632597795e-08,mse,BTC,Deep Learning LSTM,1 day ahead
395,Close t-43,3.36740383355405e-08,mse,BTC,Deep Learning LSTM,1 day ahead
391,Close t-45,3.5305034729038454e-08,mse,BTC,Deep Learning LSTM,1 day ahead
389,Close t-46,3.59459796372974e-08,mse,BTC,Deep Learning LSTM,1 day ahead
293,Volume t-34,3.8377359623531504e-08,mse,BTC,Deep Learning LSTM,1 day ahead
63,Gtrend t-29,3.9171837440399315e-08,mse,BTC,Deep Learning LSTM,1 day ahead
289,Volume t-36,4.114820500999983e-08,mse,BTC,Deep Learning LSTM,1 day ahead
143,TYX t-49,4.548985188534971e-08,mse,BTC,Deep Learning LSTM,1 day ahead
67,Gtrend t-27,4.71164542381608e-08,mse,BTC,Deep Learning LSTM,1 day ahead
291,Volume t-35,5.026537336361159e-08,mse,BTC,Deep Learning LSTM,1 day ahead
299,Volume t-31,5.0895791470217944e-08,mse,BTC,Deep Learning LSTM,1 day ahead
145,TYX t-48,5.620647880455465e-08,mse,BTC,Deep Learning LSTM,1 day ahead
329,Volume t-16,6.314802203366554e-08,mse,BTC,Deep Learning LSTM,1 day ahead
305,Volume t-28,6.787784767592342e-08,mse,BTC,Deep Learning LSTM,1 day ahead
147,TYX t-47,7.098358839607855e-08,mse,BTC,Deep Learning LSTM,1 day ahead
399,Close t-41,7.198218426873737e-08,mse,BTC,Deep Learning LSTM,1 day ahead
149,TYX t-46,7.212690800173505e-08,mse,BTC,Deep Learning LSTM,1 day ahead
301,Volume t-30,7.382436612024534e-08,mse,BTC,Deep Learning LSTM,1 day ahead
77,Gtrend t-22,7.484442809957415e-08,mse,BTC,Deep Learning LSTM,1 day ahead
307,Volume t-27,7.499381793341087e-08,mse,BTC,Deep Learning LSTM,1 day ahead
309,Volume t-26,7.58782635612576e-08,mse,BTC,Deep Learning LSTM,1 day ahead
75,Gtrend t-23,7.84176734103248e-08,mse,BTC,Deep Learning LSTM,1 day ahead
313,Volume t-24,8.254669320306718e-08,mse,BTC,Deep Learning LSTM,1 day ahead
297,Volume t-32,8.6062458604097e-08,mse,BTC,Deep Learning LSTM,1 day ahead
303,Volume t-29,8.943175677789128e-08,mse,BTC,Deep Learning LSTM,1 day ahead
311,Volume t-25,9.552230545439855e-08,mse,BTC,Deep Learning LSTM,1 day ahead
151,TYX t-45,9.682339685568309e-08,mse,BTC,Deep Learning LSTM,1 day ahead
401,Close t-40,1.1868000238113297e-07,mse,BTC,Deep Learning LSTM,1 day ahead
93,Gtrend t-14,1.2868186988201913e-07,mse,BTC,Deep Learning LSTM,1 day ahead
85,Gtrend t-18,1.2933096243950004e-07,mse,BTC,Deep Learning LSTM,1 day ahead
407,Close t-37,1.31630367661284e-07,mse,BTC,Deep Learning LSTM,1 day ahead
153,TYX t-44,1.394056264314436e-07,mse,BTC,Deep Learning LSTM,1 day ahead
403,Close t-39,1.4832981787282762e-07,mse,BTC,Deep Learning LSTM,1 day ahead
155,TYX t-43,1.57846060333533e-07,mse,BTC,Deep Learning LSTM,1 day ahead
405,Close t-38,1.5813358866800797e-07,mse,BTC,Deep Learning LSTM,1 day ahead
87,Gtrend t-17,1.6590575618868897e-07,mse,BTC,Deep Learning LSTM,1 day ahead
411,Close t-35,1.6877748848509455e-07,mse,BTC,Deep Learning LSTM,1 day ahead
349,Volume t-6,1.6994360613198367e-07,mse,BTC,Deep Learning LSTM,1 day ahead
325,Volume t-18,1.727368340032065e-07,mse,BTC,Deep Learning LSTM,1 day ahead
315,Volume t-23,1.737390711853415e-07,mse,BTC,Deep Learning LSTM,1 day ahead
319,Volume t-21,1.739037965853285e-07,mse,BTC,Deep Learning LSTM,1 day ahead
157,TYX t-42,1.8151372865871096e-07,mse,BTC,Deep Learning LSTM,1 day ahead
335,Volume t-13,1.8414912211772716e-07,mse,BTC,Deep Learning LSTM,1 day ahead
159,TYX t-41,2.402820232783043e-07,mse,BTC,Deep Learning LSTM,1 day ahead
415,Close t-33,2.4291020056521617e-07,mse,BTC,Deep Learning LSTM,1 day ahead
323,Volume t-19,2.5015765914293553e-07,mse,BTC,Deep Learning LSTM,1 day ahead
409,Close t-36,2.8465572909919246e-07,mse,BTC,Deep Learning LSTM,1 day ahead
161,TYX t-40,3.0416950635991924e-07,mse,BTC,Deep Learning LSTM,1 day ahead
163,TYX t-39,3.5481173116247433e-07,mse,BTC,Deep Learning LSTM,1 day ahead
417,Close t-32,3.554121383309017e-07,mse,BTC,Deep Learning LSTM,1 day ahead
345,Volume t-8,3.7902305860537666e-07,mse,BTC,Deep Learning LSTM,1 day ahead
413,Close t-34,4.247863590323142e-07,mse,BTC,Deep Learning LSTM,1 day ahead
165,TYX t-38,4.4779077484902174e-07,mse,BTC,Deep Learning LSTM,1 day ahead
353,Volume t-4,5.161910721085405e-07,mse,BTC,Deep Learning LSTM,1 day ahead
339,Volume t-11,5.180346042132911e-07,mse,BTC,Deep Learning LSTM,1 day ahead
333,Volume t-14,5.474595895504919e-07,mse,BTC,Deep Learning LSTM,1 day ahead
359,Volume t-1,5.493031172143503e-07,mse,BTC,Deep Learning LSTM,1 day ahead
167,TYX t-37,5.711625364335227e-07,mse,BTC,Deep Learning LSTM,1 day ahead
421,Close t-30,6.858280177102216e-07,mse,BTC,Deep Learning LSTM,1 day ahead
341,Volume t-10,6.873535525753205e-07,mse,BTC,Deep Learning LSTM,1 day ahead
419,Close t-31,7.238381271035266e-07,mse,BTC,Deep Learning LSTM,1 day ahead
169,TYX t-36,7.307664833255956e-07,mse,BTC,Deep Learning LSTM,1 day ahead
343,Volume t-9,8.142174519609746e-07,mse,BTC,Deep Learning LSTM,1 day ahead
423,Close t-29,8.330680725809891e-07,mse,BTC,Deep Learning LSTM,1 day ahead
425,Close t-28,8.751576417442841e-07,mse,BTC,Deep Learning LSTM,1 day ahead
347,Volume t-7,9.107786508311122e-07,mse,BTC,Deep Learning LSTM,1 day ahead
351,Volume t-5,9.161160121062828e-07,mse,BTC,Deep Learning LSTM,1 day ahead
171,TYX t-35,9.57226475639672e-07,mse,BTC,Deep Learning LSTM,1 day ahead
173,TYX t-34,9.812013671006703e-07,mse,BTC,Deep Learning LSTM,1 day ahead
427,Close t-27,1.0336315103276483e-06,mse,BTC,Deep Learning LSTM,1 day ahead
357,Volume t-2,1.0730469877651139e-06,mse,BTC,Deep Learning LSTM,1 day ahead
109,Gtrend t-6,1.2772774244940166e-06,mse,BTC,Deep Learning LSTM,1 day ahead
429,Close t-26,1.3129834815495123e-06,mse,BTC,Deep Learning LSTM,1 day ahead
175,TYX t-33,1.3415768144176e-06,mse,BTC,Deep Learning LSTM,1 day ahead
355,Volume t-3,1.3966367217177478e-06,mse,BTC,Deep Learning LSTM,1 day ahead
431,Close t-25,1.3985568212970811e-06,mse,BTC,Deep Learning LSTM,1 day ahead
177,TYX t-32,1.413782124870533e-06,mse,BTC,Deep Learning LSTM,1 day ahead
433,Close t-24,1.834312546911132e-06,mse,BTC,Deep Learning LSTM,1 day ahead
179,TYX t-31,2.066763578334463e-06,mse,BTC,Deep Learning LSTM,1 day ahead
181,TYX t-30,2.279379949621241e-06,mse,BTC,Deep Learning LSTM,1 day ahead
101,Gtrend t-10,2.3046190402165045e-06,mse,BTC,Deep Learning LSTM,1 day ahead
471,Close t-5,2.676391981260018e-06,mse,BTC,Deep Learning LSTM,1 day ahead
183,TYX t-29,2.7006916373806256e-06,mse,BTC,Deep Learning LSTM,1 day ahead
437,Close t-22,2.941590122318427e-06,mse,BTC,Deep Learning LSTM,1 day ahead
441,Close t-20,2.9504422257020657e-06,mse,BTC,Deep Learning LSTM,1 day ahead
435,Close t-23,3.0186923566932755e-06,mse,BTC,Deep Learning LSTM,1 day ahead
439,Close t-21,3.2064780908225288e-06,mse,BTC,Deep Learning LSTM,1 day ahead
239,TYX t-1,3.4248813282622415e-06,mse,BTC,Deep Learning LSTM,1 day ahead
185,TYX t-28,3.926800947740006e-06,mse,BTC,Deep Learning LSTM,1 day ahead
443,Close t-19,4.045309096145644e-06,mse,BTC,Deep Learning LSTM,1 day ahead
445,Close t-18,4.39624961606766e-06,mse,BTC,Deep Learning LSTM,1 day ahead
187,TYX t-27,4.472348032913409e-06,mse,BTC,Deep Learning LSTM,1 day ahead
189,TYX t-26,4.986901420256373e-06,mse,BTC,Deep Learning LSTM,1 day ahead
191,TYX t-25,6.149583411718673e-06,mse,BTC,Deep Learning LSTM,1 day ahead
453,Close t-14,6.241252585414969e-06,mse,BTC,Deep Learning LSTM,1 day ahead
447,Close t-17,6.756761825210678e-06,mse,BTC,Deep Learning LSTM,1 day ahead
449,Close t-16,7.603771554232086e-06,mse,BTC,Deep Learning LSTM,1 day ahead
193,TYX t-24,8.20588261901678e-06,mse,BTC,Deep Learning LSTM,1 day ahead
195,TYX t-23,8.263926376317343e-06,mse,BTC,Deep Learning LSTM,1 day ahead
469,Close t-6,8.516736800634472e-06,mse,BTC,Deep Learning LSTM,1 day ahead
455,Close t-13,9.097793468304527e-06,mse,BTC,Deep Learning LSTM,1 day ahead
451,Close t-15,9.844804184089284e-06,mse,BTC,Deep Learning LSTM,1 day ahead
467,Close t-7,1.050116697898229e-05,mse,BTC,Deep Learning LSTM,1 day ahead
197,TYX t-22,1.2184051295438536e-05,mse,BTC,Deep Learning LSTM,1 day ahead
199,TYX t-21,1.2246558228901083e-05,mse,BTC,Deep Learning LSTM,1 day ahead
457,Close t-12,1.2352700964501917e-05,mse,BTC,Deep Learning LSTM,1 day ahead
459,Close t-11,1.359551618496102e-05,mse,BTC,Deep Learning LSTM,1 day ahead
461,Close t-10,1.3756909200746126e-05,mse,BTC,Deep Learning LSTM,1 day ahead
463,Close t-9,1.383100022911421e-05,mse,BTC,Deep Learning LSTM,1 day ahead
201,TYX t-20,1.586975080425379e-05,mse,BTC,Deep Learning LSTM,1 day ahead
203,TYX t-19,1.8314503336114285e-05,mse,BTC,Deep Learning LSTM,1 day ahead
465,Close t-8,1.848962332551274e-05,mse,BTC,Deep Learning LSTM,1 day ahead
205,TYX t-18,2.1407855802124676e-05,mse,BTC,Deep Learning LSTM,1 day ahead
207,TYX t-17,2.1466914808032644e-05,mse,BTC,Deep Learning LSTM,1 day ahead
237,TYX t-2,2.166523149127464e-05,mse,BTC,Deep Learning LSTM,1 day ahead
235,TYX t-3,2.674539675168175e-05,mse,BTC,Deep Learning LSTM,1 day ahead
209,TYX t-16,3.044187527795339e-05,mse,BTC,Deep Learning LSTM,1 day ahead
211,TYX t-15,3.233501352523094e-05,mse,BTC,Deep Learning LSTM,1 day ahead
213,TYX t-14,3.62977002391629e-05,mse,BTC,Deep Learning LSTM,1 day ahead
215,TYX t-13,3.7959773981854905e-05,mse,BTC,Deep Learning LSTM,1 day ahead
233,TYX t-4,4.358927007147573e-05,mse,BTC,Deep Learning LSTM,1 day ahead
217,TYX t-12,4.7816358409724646e-05,mse,BTC,Deep Learning LSTM,1 day ahead
219,TYX t-11,4.888919573620143e-05,mse,BTC,Deep Learning LSTM,1 day ahead
231,TYX t-5,5.082402272249542e-05,mse,BTC,Deep Learning LSTM,1 day ahead
221,TYX t-10,5.139398048681354e-05,mse,BTC,Deep Learning LSTM,1 day ahead
229,TYX t-6,5.674133294480965e-05,mse,BTC,Deep Learning LSTM,1 day ahead
223,TYX t-9,5.972815532667708e-05,mse,BTC,Deep Learning LSTM,1 day ahead
225,TYX t-8,6.537189049371506e-05,mse,BTC,Deep Learning LSTM,1 day ahead
227,TYX t-7,7.297007282314194e-05,mse,BTC,Deep Learning LSTM,1 day ahead
118,Gtrend t-1,-0.0014914310368966538,mae,BTC,Bidirectional LSTM,1 day ahead
116,Gtrend t-2,-0.001309124060892633,mae,BTC,Bidirectional LSTM,1 day ahead
114,Gtrend t-3,-0.0010313807983705695,mae,BTC,Bidirectional LSTM,1 day ahead
112,Gtrend t-4,-0.0008553337647990017,mae,BTC,Bidirectional LSTM,1 day ahead
468,Close t-6,-0.0007700191123686841,mae,BTC,Bidirectional LSTM,1 day ahead
470,Close t-5,-0.0007680611644055313,mae,BTC,Bidirectional LSTM,1 day ahead
110,Gtrend t-5,-0.0005992201678314338,mae,BTC,Bidirectional LSTM,1 day ahead
466,Close t-7,-0.0005828995181929378,mae,BTC,Bidirectional LSTM,1 day ahead
108,Gtrend t-6,-0.00040136803003846047,mae,BTC,Bidirectional LSTM,1 day ahead
464,Close t-8,-0.0003802739852022084,mae,BTC,Bidirectional LSTM,1 day ahead
230,TYX t-5,-0.0002855804024139777,mae,BTC,Bidirectional LSTM,1 day ahead
232,TYX t-4,-0.0002822750994629572,mae,BTC,Bidirectional LSTM,1 day ahead
372,Close t-54,-0.0002507566804145593,mae,BTC,Bidirectional LSTM,1 day ahead
228,TYX t-6,-0.0002456267605761703,mae,BTC,Bidirectional LSTM,1 day ahead
238,TYX t-1,-0.00021951131282366143,mae,BTC,Bidirectional LSTM,1 day ahead
226,TYX t-7,-0.00020100274797340764,mae,BTC,Bidirectional LSTM,1 day ahead
368,Close t-56,-0.00019846529163219245,mae,BTC,Bidirectional LSTM,1 day ahead
106,Gtrend t-7,-0.00019846267041551124,mae,BTC,Bidirectional LSTM,1 day ahead
366,Close t-57,-0.00019271056665928418,mae,BTC,Bidirectional LSTM,1 day ahead
360,Close t-60,-0.00019218505190041896,mae,BTC,Bidirectional LSTM,1 day ahead
370,Close t-55,-0.00019052896124516217,mae,BTC,Bidirectional LSTM,1 day ahead
362,Close t-59,-0.0001844839276699435,mae,BTC,Bidirectional LSTM,1 day ahead
378,Close t-51,-0.00017247691149930439,mae,BTC,Bidirectional LSTM,1 day ahead
374,Close t-53,-0.0001608604739369371,mae,BTC,Bidirectional LSTM,1 day ahead
380,Close t-50,-0.00014449223464096592,mae,BTC,Bidirectional LSTM,1 day ahead
364,Close t-58,-0.00012773899016458798,mae,BTC,Bidirectional LSTM,1 day ahead
460,Close t-10,-0.00011062325155690445,mae,BTC,Bidirectional LSTM,1 day ahead
376,Close t-52,-0.00010992905086944921,mae,BTC,Bidirectional LSTM,1 day ahead
104,Gtrend t-8,-9.23945923510458e-05,mae,BTC,Bidirectional LSTM,1 day ahead
224,TYX t-8,-9.058747437505968e-05,mae,BTC,Bidirectional LSTM,1 day ahead
384,Close t-48,-7.897531932235871e-05,mae,BTC,Bidirectional LSTM,1 day ahead
382,Close t-49,-7.330611037825036e-05,mae,BTC,Bidirectional LSTM,1 day ahead
388,Close t-46,-6.757926683321688e-05,mae,BTC,Bidirectional LSTM,1 day ahead
390,Close t-45,-6.224309977204828e-05,mae,BTC,Bidirectional LSTM,1 day ahead
222,TYX t-9,-5.926615342612129e-05,mae,BTC,Bidirectional LSTM,1 day ahead
386,Close t-47,-4.7789350115925305e-05,mae,BTC,Bidirectional LSTM,1 day ahead
102,Gtrend t-9,-3.947358342613547e-05,mae,BTC,Bidirectional LSTM,1 day ahead
348,Volume t-6,-3.936565317937818e-05,mae,BTC,Bidirectional LSTM,1 day ahead
354,Volume t-3,-3.8898317781213554e-05,mae,BTC,Bidirectional LSTM,1 day ahead
100,Gtrend t-10,-3.645269949197408e-05,mae,BTC,Bidirectional LSTM,1 day ahead
352,Volume t-4,-3.201851289566168e-05,mae,BTC,Bidirectional LSTM,1 day ahead
462,Close t-9,-3.0088436699771126e-05,mae,BTC,Bidirectional LSTM,1 day ahead
220,TYX t-10,-2.9553668542684625e-05,mae,BTC,Bidirectional LSTM,1 day ahead
394,Close t-43,-2.834087597598789e-05,mae,BTC,Bidirectional LSTM,1 day ahead
246,Volume t-57,-2.7862966877140877e-05,mae,BTC,Bidirectional LSTM,1 day ahead
398,Close t-41,-1.9957717150857063e-05,mae,BTC,Bidirectional LSTM,1 day ahead
396,Close t-42,-1.867568656189686e-05,mae,BTC,Bidirectional LSTM,1 day ahead
242,Volume t-59,-1.83432069543292e-05,mae,BTC,Bidirectional LSTM,1 day ahead
392,Close t-44,-1.7540840943481434e-05,mae,BTC,Bidirectional LSTM,1 day ahead
344,Volume t-8,-1.5468589247089742e-05,mae,BTC,Bidirectional LSTM,1 day ahead
250,Volume t-55,-1.5386612447973458e-05,mae,BTC,Bidirectional LSTM,1 day ahead
400,Close t-40,-1.5353829893347687e-05,mae,BTC,Bidirectional LSTM,1 day ahead
248,Volume t-56,-1.25503527862586e-05,mae,BTC,Bidirectional LSTM,1 day ahead
2,Gtrend t-59,-1.2357879991400228e-05,mae,BTC,Bidirectional LSTM,1 day ahead
402,Close t-39,-1.1673743467725123e-05,mae,BTC,Bidirectional LSTM,1 day ahead
96,Gtrend t-12,-1.0578323194974926e-05,mae,BTC,Bidirectional LSTM,1 day ahead
240,Volume t-60,-9.78385748928376e-06,mae,BTC,Bidirectional LSTM,1 day ahead
260,Volume t-50,-8.141994476316972e-06,mae,BTC,Bidirectional LSTM,1 day ahead
4,Gtrend t-58,-7.302099711274657e-06,mae,BTC,Bidirectional LSTM,1 day ahead
356,Volume t-2,-6.626566795453481e-06,mae,BTC,Bidirectional LSTM,1 day ahead
244,Volume t-58,-6.57881191750212e-06,mae,BTC,Bidirectional LSTM,1 day ahead
218,TYX t-11,-6.4937324108504946e-06,mae,BTC,Bidirectional LSTM,1 day ahead
0,Gtrend t-60,-5.1628236901260505e-06,mae,BTC,Bidirectional LSTM,1 day ahead
350,Volume t-5,-5.159353556698915e-06,mae,BTC,Bidirectional LSTM,1 day ahead
406,Close t-37,-5.0331223500899025e-06,mae,BTC,Bidirectional LSTM,1 day ahead
404,Close t-38,-4.864729304120824e-06,mae,BTC,Bidirectional LSTM,1 day ahead
342,Volume t-9,-4.860677131235391e-06,mae,BTC,Bidirectional LSTM,1 day ahead
6,Gtrend t-57,-3.5869340374028447e-06,mae,BTC,Bidirectional LSTM,1 day ahead
214,TYX t-13,-3.5466909776987743e-06,mae,BTC,Bidirectional LSTM,1 day ahead
408,Close t-36,-3.5355352375580906e-06,mae,BTC,Bidirectional LSTM,1 day ahead
212,TYX t-14,-3.416744687068096e-06,mae,BTC,Bidirectional LSTM,1 day ahead
340,Volume t-10,-3.3401054878763603e-06,mae,BTC,Bidirectional LSTM,1 day ahead
8,Gtrend t-56,-3.239349143143583e-06,mae,BTC,Bidirectional LSTM,1 day ahead
10,Gtrend t-55,-2.338420854855472e-06,mae,BTC,Bidirectional LSTM,1 day ahead
410,Close t-35,-2.2300302165816077e-06,mae,BTC,Bidirectional LSTM,1 day ahead
94,Gtrend t-13,-1.338532526196784e-06,mae,BTC,Bidirectional LSTM,1 day ahead
262,Volume t-49,-1.2034422730740346e-06,mae,BTC,Bidirectional LSTM,1 day ahead
252,Volume t-54,-1.1246498316935805e-06,mae,BTC,Bidirectional LSTM,1 day ahead
256,Volume t-52,-1.0704341000082607e-06,mae,BTC,Bidirectional LSTM,1 day ahead
414,Close t-33,-9.795166041742798e-07,mae,BTC,Bidirectional LSTM,1 day ahead
412,Close t-34,-9.290567816108708e-07,mae,BTC,Bidirectional LSTM,1 day ahead
336,Volume t-12,-9.277095533374857e-07,mae,BTC,Bidirectional LSTM,1 day ahead
208,TYX t-16,-9.142372706140434e-07,mae,BTC,Bidirectional LSTM,1 day ahead
12,Gtrend t-54,-8.142974278688153e-07,mae,BTC,Bidirectional LSTM,1 day ahead
338,Volume t-11,-6.167855981266401e-07,mae,BTC,Bidirectional LSTM,1 day ahead
16,Gtrend t-52,-5.516287398671382e-07,mae,BTC,Bidirectional LSTM,1 day ahead
34,Gtrend t-43,-4.2886766668873144e-07,mae,BTC,Bidirectional LSTM,1 day ahead
416,Close t-32,-4.2172327433323553e-07,mae,BTC,Bidirectional LSTM,1 day ahead
418,Close t-31,-3.4529868870453173e-07,mae,BTC,Bidirectional LSTM,1 day ahead
440,Close t-20,-3.242737626370229e-07,mae,BTC,Bidirectional LSTM,1 day ahead
22,Gtrend t-49,-3.225999335720875e-07,mae,BTC,Bidirectional LSTM,1 day ahead
28,Gtrend t-46,-2.7018050624896817e-07,mae,BTC,Bidirectional LSTM,1 day ahead
14,Gtrend t-53,-2.52952314403615e-07,mae,BTC,Bidirectional LSTM,1 day ahead
38,Gtrend t-41,-2.4764505151056437e-07,mae,BTC,Bidirectional LSTM,1 day ahead
84,Gtrend t-18,-2.3731630142270754e-07,mae,BTC,Bidirectional LSTM,1 day ahead
420,Close t-30,-2.363364990445871e-07,mae,BTC,Bidirectional LSTM,1 day ahead
82,Gtrend t-19,-2.0751397903501223e-07,mae,BTC,Bidirectional LSTM,1 day ahead
36,Gtrend t-42,-1.7040396389778056e-07,mae,BTC,Bidirectional LSTM,1 day ahead
322,Volume t-19,-1.601568640104134e-07,mae,BTC,Bidirectional LSTM,1 day ahead
30,Gtrend t-45,-1.2590460581399232e-07,mae,BTC,Bidirectional LSTM,1 day ahead
42,Gtrend t-39,-1.1267727368508007e-07,mae,BTC,Bidirectional LSTM,1 day ahead
438,Close t-21,-7.964976846130956e-08,mae,BTC,Bidirectional LSTM,1 day ahead
422,Close t-29,-6.964761916847251e-08,mae,BTC,Bidirectional LSTM,1 day ahead
272,Volume t-44,-4.7724540919863445e-08,mae,BTC,Bidirectional LSTM,1 day ahead
40,Gtrend t-40,-4.2948004316117894e-08,mae,BTC,Bidirectional LSTM,1 day ahead
44,Gtrend t-38,-3.764074142653673e-08,mae,BTC,Bidirectional LSTM,1 day ahead
48,Gtrend t-36,-2.6454664254355054e-08,mae,BTC,Bidirectional LSTM,1 day ahead
50,Gtrend t-35,-2.5883112868274605e-08,mae,BTC,Bidirectional LSTM,1 day ahead
74,Gtrend t-23,-2.4045983405829308e-08,mae,BTC,Bidirectional LSTM,1 day ahead
46,Gtrend t-37,-1.9351097002573425e-08,mae,BTC,Bidirectional LSTM,1 day ahead
186,TYX t-27,-1.9269446802083756e-08,mae,BTC,Bidirectional LSTM,1 day ahead
314,Volume t-23,-1.7187366745108346e-08,mae,BTC,Bidirectional LSTM,1 day ahead
198,TYX t-21,-1.5554362780417774e-08,mae,BTC,Bidirectional LSTM,1 day ahead
308,Volume t-26,-1.1757628558262123e-08,mae,BTC,Bidirectional LSTM,1 day ahead
298,Volume t-31,-1.1553503060507397e-08,mae,BTC,Bidirectional LSTM,1 day ahead
318,Volume t-21,-1.0573700682386944e-08,mae,BTC,Bidirectional LSTM,1 day ahead
304,Volume t-28,-9.757198698306935e-09,mae,BTC,Bidirectional LSTM,1 day ahead
324,Volume t-18,-8.940696714226926e-09,mae,BTC,Bidirectional LSTM,1 day ahead
302,Volume t-29,-8.328320227901642e-09,mae,BTC,Bidirectional LSTM,1 day ahead
62,Gtrend t-29,-8.001719436351307e-09,mae,BTC,Bidirectional LSTM,1 day ahead
442,Close t-19,-6.205415070681397e-09,mae,BTC,Bidirectional LSTM,1 day ahead
52,Gtrend t-34,-6.042114676640953e-09,mae,BTC,Bidirectional LSTM,1 day ahead
312,Volume t-24,-5.7971640786413925e-09,mae,BTC,Bidirectional LSTM,1 day ahead
288,Volume t-36,-5.756338981866005e-09,mae,BTC,Bidirectional LSTM,1 day ahead
328,Volume t-16,-5.674688781376336e-09,mae,BTC,Bidirectional LSTM,1 day ahead
300,Volume t-30,-2.2862055512606894e-09,mae,BTC,Bidirectional LSTM,1 day ahead
306,Volume t-27,-1.6330039750989123e-10,mae,BTC,Bidirectional LSTM,1 day ahead
310,Volume t-25,-1.6330039750989123e-10,mae,BTC,Bidirectional LSTM,1 day ahead
194,TYX t-23,3.6742589248905944e-09,mae,BTC,Bidirectional LSTM,1 day ahead
320,Volume t-20,4.164160113950821e-09,mae,BTC,Bidirectional LSTM,1 day ahead
54,Gtrend t-33,5.388913090070835e-09,mae,BTC,Bidirectional LSTM,1 day ahead
296,Volume t-32,7.920069239331085e-09,mae,BTC,Bidirectional LSTM,1 day ahead
68,Gtrend t-26,8.042544536596141e-09,mae,BTC,Bidirectional LSTM,1 day ahead
64,Gtrend t-28,8.573270825901202e-09,mae,BTC,Bidirectional LSTM,1 day ahead
58,Gtrend t-31,8.940696717696373e-09,mae,BTC,Bidirectional LSTM,1 day ahead
60,Gtrend t-30,1.0941126577651561e-08,mae,BTC,Bidirectional LSTM,1 day ahead
56,Gtrend t-32,1.0981951674426949e-08,mae,BTC,Bidirectional LSTM,1 day ahead
294,Volume t-33,1.2125054450057293e-08,mae,BTC,Bidirectional LSTM,1 day ahead
190,TYX t-25,1.3553932923932033e-08,mae,BTC,Bidirectional LSTM,1 day ahead
316,Volume t-22,1.3880533715482368e-08,mae,BTC,Bidirectional LSTM,1 day ahead
32,Gtrend t-44,1.7187366748577793e-08,mae,BTC,Bidirectional LSTM,1 day ahead
66,Gtrend t-27,1.939192210281826e-08,mae,BTC,Bidirectional LSTM,1 day ahead
192,TYX t-24,2.094327587048861e-08,mae,BTC,Bidirectional LSTM,1 day ahead
188,TYX t-26,2.5066610884194596e-08,mae,BTC,Bidirectional LSTM,1 day ahead
424,Close t-28,3.519123547776615e-08,mae,BTC,Bidirectional LSTM,1 day ahead
182,TYX t-29,4.070262386510204e-08,mae,BTC,Bidirectional LSTM,1 day ahead
70,Gtrend t-25,5.127632454748898e-08,mae,BTC,Bidirectional LSTM,1 day ahead
292,Volume t-34,5.339922970470923e-08,mae,BTC,Bidirectional LSTM,1 day ahead
184,TYX t-28,5.413408148829957e-08,mae,BTC,Bidirectional LSTM,1 day ahead
200,TYX t-20,5.972712007265568e-08,mae,BTC,Bidirectional LSTM,1 day ahead
426,Close t-27,7.283197690430288e-08,mae,BTC,Bidirectional LSTM,1 day ahead
270,Volume t-45,7.340352829385277e-08,mae,BTC,Bidirectional LSTM,1 day ahead
180,TYX t-30,8.291577639762959e-08,mae,BTC,Bidirectional LSTM,1 day ahead
428,Close t-26,9.157069742055102e-08,mae,BTC,Bidirectional LSTM,1 day ahead
290,Volume t-35,1.0145037141612301e-07,mae,BTC,Bidirectional LSTM,1 day ahead
196,TYX t-22,1.1720885969429551e-07,mae,BTC,Bidirectional LSTM,1 day ahead
178,TYX t-31,1.5191019397953198e-07,mae,BTC,Bidirectional LSTM,1 day ahead
72,Gtrend t-24,1.6958746191717e-07,mae,BTC,Bidirectional LSTM,1 day ahead
26,Gtrend t-47,1.7277181964953092e-07,mae,BTC,Bidirectional LSTM,1 day ahead
76,Gtrend t-22,1.7420069812340566e-07,mae,BTC,Bidirectional LSTM,1 day ahead
176,TYX t-32,1.9571552537997472e-07,mae,BTC,Bidirectional LSTM,1 day ahead
330,Volume t-15,2.0445209659991637e-07,mae,BTC,Bidirectional LSTM,1 day ahead
286,Volume t-37,2.1690375184499344e-07,mae,BTC,Bidirectional LSTM,1 day ahead
202,TYX t-19,2.4568544675432347e-07,mae,BTC,Bidirectional LSTM,1 day ahead
432,Close t-24,2.534013904958998e-07,mae,BTC,Bidirectional LSTM,1 day ahead
430,Close t-25,2.5409541717924533e-07,mae,BTC,Bidirectional LSTM,1 day ahead
204,TYX t-18,2.782638758823397e-07,mae,BTC,Bidirectional LSTM,1 day ahead
436,Close t-22,2.848367168482857e-07,mae,BTC,Bidirectional LSTM,1 day ahead
206,TYX t-17,3.2268158377257716e-07,mae,BTC,Bidirectional LSTM,1 day ahead
20,Gtrend t-50,3.3856254734454527e-07,mae,BTC,Bidirectional LSTM,1 day ahead
282,Volume t-39,3.4060380230127585e-07,mae,BTC,Bidirectional LSTM,1 day ahead
326,Volume t-17,3.5517836270357317e-07,mae,BTC,Bidirectional LSTM,1 day ahead
434,Close t-23,3.576686937525886e-07,mae,BTC,Bidirectional LSTM,1 day ahead
78,Gtrend t-21,3.720391286571312e-07,mae,BTC,Bidirectional LSTM,1 day ahead
444,Close t-18,3.7938764650691237e-07,mae,BTC,Bidirectional LSTM,1 day ahead
284,Volume t-38,4.840223756553963e-07,mae,BTC,Bidirectional LSTM,1 day ahead
174,TYX t-33,4.944736010405182e-07,mae,BTC,Bidirectional LSTM,1 day ahead
80,Gtrend t-20,5.305221636026092e-07,mae,BTC,Bidirectional LSTM,1 day ahead
24,Gtrend t-48,6.592437012571672e-07,mae,BTC,Bidirectional LSTM,1 day ahead
172,TYX t-34,6.619789829007128e-07,mae,BTC,Bidirectional LSTM,1 day ahead
170,TYX t-35,6.790438743485561e-07,mae,BTC,Bidirectional LSTM,1 day ahead
346,Volume t-7,7.566523878566045e-07,mae,BTC,Bidirectional LSTM,1 day ahead
210,TYX t-15,7.570198137483997e-07,mae,BTC,Bidirectional LSTM,1 day ahead
334,Volume t-13,8.360572057233839e-07,mae,BTC,Bidirectional LSTM,1 day ahead
168,TYX t-36,1.0145853643547809e-06,mae,BTC,Bidirectional LSTM,1 day ahead
332,Volume t-14,1.1250580826856205e-06,mae,BTC,Bidirectional LSTM,1 day ahead
278,Volume t-41,1.1580855879059215e-06,mae,BTC,Bidirectional LSTM,1 day ahead
166,TYX t-37,1.1826214725042805e-06,mae,BTC,Bidirectional LSTM,1 day ahead
276,Volume t-42,1.2318565420915695e-06,mae,BTC,Bidirectional LSTM,1 day ahead
216,TYX t-12,1.284888345901014e-06,mae,BTC,Bidirectional LSTM,1 day ahead
266,Volume t-47,1.3090976297043533e-06,mae,BTC,Bidirectional LSTM,1 day ahead
18,Gtrend t-51,1.40185225499731e-06,mae,BTC,Bidirectional LSTM,1 day ahead
86,Gtrend t-17,1.43308345585888e-06,mae,BTC,Bidirectional LSTM,1 day ahead
120,TYX t-60,1.4671315885575464e-06,mae,BTC,Bidirectional LSTM,1 day ahead
280,Volume t-40,1.4813387230645791e-06,mae,BTC,Bidirectional LSTM,1 day ahead
274,Volume t-43,1.508773189700524e-06,mae,BTC,Bidirectional LSTM,1 day ahead
164,TYX t-38,2.0514612328534354e-06,mae,BTC,Bidirectional LSTM,1 day ahead
88,Gtrend t-16,2.276856605320371e-06,mae,BTC,Bidirectional LSTM,1 day ahead
162,TYX t-39,2.4380340968091496e-06,mae,BTC,Bidirectional LSTM,1 day ahead
446,Close t-17,2.889682168830815e-06,mae,BTC,Bidirectional LSTM,1 day ahead
98,Gtrend t-11,3.0664047470860267e-06,mae,BTC,Bidirectional LSTM,1 day ahead
160,TYX t-40,3.2568631106871804e-06,mae,BTC,Bidirectional LSTM,1 day ahead
254,Volume t-53,3.7683911151102645e-06,mae,BTC,Bidirectional LSTM,1 day ahead
448,Close t-16,3.897643379054128e-06,mae,BTC,Bidirectional LSTM,1 day ahead
156,TYX t-42,4.358814187248317e-06,mae,BTC,Bidirectional LSTM,1 day ahead
158,TYX t-41,5.9104129059676935e-06,mae,BTC,Bidirectional LSTM,1 day ahead
268,Volume t-46,6.597172724057826e-06,mae,BTC,Bidirectional LSTM,1 day ahead
90,Gtrend t-15,7.1343085537231565e-06,mae,BTC,Bidirectional LSTM,1 day ahead
92,Gtrend t-14,7.253640318571203e-06,mae,BTC,Bidirectional LSTM,1 day ahead
264,Volume t-48,7.287239375181054e-06,mae,BTC,Bidirectional LSTM,1 day ahead
154,TYX t-43,9.442233059504118e-06,mae,BTC,Bidirectional LSTM,1 day ahead
142,TYX t-49,1.1188036774936044e-05,mae,BTC,Bidirectional LSTM,1 day ahead
258,Volume t-51,1.1586081491758715e-05,mae,BTC,Bidirectional LSTM,1 day ahead
152,TYX t-44,1.3056438263148867e-05,mae,BTC,Bidirectional LSTM,1 day ahead
148,TYX t-46,1.4392306669833849e-05,mae,BTC,Bidirectional LSTM,1 day ahead
146,TYX t-47,1.444706361587722e-05,mae,BTC,Bidirectional LSTM,1 day ahead
450,Close t-15,1.8023750553392698e-05,mae,BTC,Bidirectional LSTM,1 day ahead
150,TYX t-45,1.823338743758493e-05,mae,BTC,Bidirectional LSTM,1 day ahead
358,Volume t-1,2.1179163292663755e-05,mae,BTC,Bidirectional LSTM,1 day ahead
122,TYX t-59,2.1657755930128836e-05,mae,BTC,Bidirectional LSTM,1 day ahead
138,TYX t-51,2.3309498617094665e-05,mae,BTC,Bidirectional LSTM,1 day ahead
144,TYX t-48,2.625707077653569e-05,mae,BTC,Bidirectional LSTM,1 day ahead
132,TYX t-54,3.2399533546133286e-05,mae,BTC,Bidirectional LSTM,1 day ahead
452,Close t-14,3.6158482259698865e-05,mae,BTC,Bidirectional LSTM,1 day ahead
140,TYX t-50,3.632335630181921e-05,mae,BTC,Bidirectional LSTM,1 day ahead
134,TYX t-53,3.756190816017052e-05,mae,BTC,Bidirectional LSTM,1 day ahead
124,TYX t-58,3.9074192308401895e-05,mae,BTC,Bidirectional LSTM,1 day ahead
136,TYX t-52,4.222103177684705e-05,mae,BTC,Bidirectional LSTM,1 day ahead
454,Close t-13,4.666848735774068e-05,mae,BTC,Bidirectional LSTM,1 day ahead
128,TYX t-56,4.9420894951753e-05,mae,BTC,Bidirectional LSTM,1 day ahead
456,Close t-12,5.3336049070686065e-05,mae,BTC,Bidirectional LSTM,1 day ahead
126,TYX t-57,5.915719120051441e-05,mae,BTC,Bidirectional LSTM,1 day ahead
130,TYX t-55,6.280928209618022e-05,mae,BTC,Bidirectional LSTM,1 day ahead
458,Close t-11,7.069702834299266e-05,mae,BTC,Bidirectional LSTM,1 day ahead
234,TYX t-3,9.984895429970136e-05,mae,BTC,Bidirectional LSTM,1 day ahead
236,TYX t-2,0.0004289471521381448,mae,BTC,Bidirectional LSTM,1 day ahead
472,Close t-4,0.0004901445367066389,mae,BTC,Bidirectional LSTM,1 day ahead
474,Close t-3,0.009342132225064692,mae,BTC,Bidirectional LSTM,1 day ahead
476,Close t-2,0.028262068360726575,mae,BTC,Bidirectional LSTM,1 day ahead
478,Close t-1,0.07132493431659043,mae,BTC,Bidirectional LSTM,1 day ahead
117,Gtrend t-2,-0.00010331624029738702,mse,BTC,Bidirectional LSTM,1 day ahead
119,Gtrend t-1,-8.988155851065113e-05,mse,BTC,Bidirectional LSTM,1 day ahead
115,Gtrend t-3,-8.655999792023966e-05,mse,BTC,Bidirectional LSTM,1 day ahead
113,Gtrend t-4,-7.761105088483801e-05,mse,BTC,Bidirectional LSTM,1 day ahead
469,Close t-6,-6.827169856040804e-05,mse,BTC,Bidirectional LSTM,1 day ahead
471,Close t-5,-6.802669580815773e-05,mse,BTC,Bidirectional LSTM,1 day ahead
111,Gtrend t-5,-6.158675062826547e-05,mse,BTC,Bidirectional LSTM,1 day ahead
467,Close t-7,-5.331262870889356e-05,mse,BTC,Bidirectional LSTM,1 day ahead
109,Gtrend t-6,-3.835301508863247e-05,mse,BTC,Bidirectional LSTM,1 day ahead
465,Close t-8,-3.304652944108441e-05,mse,BTC,Bidirectional LSTM,1 day ahead
231,TYX t-5,-2.5837286619620524e-05,mse,BTC,Bidirectional LSTM,1 day ahead
233,TYX t-4,-2.5782348686132286e-05,mse,BTC,Bidirectional LSTM,1 day ahead
229,TYX t-6,-2.148863405374078e-05,mse,BTC,Bidirectional LSTM,1 day ahead
107,Gtrend t-7,-1.8788453261400035e-05,mse,BTC,Bidirectional LSTM,1 day ahead
373,Close t-54,-1.8689078725624446e-05,mse,BTC,Bidirectional LSTM,1 day ahead
239,TYX t-1,-1.723092636235924e-05,mse,BTC,Bidirectional LSTM,1 day ahead
371,Close t-55,-1.692198832579212e-05,mse,BTC,Bidirectional LSTM,1 day ahead
367,Close t-57,-1.6190785678954316e-05,mse,BTC,Bidirectional LSTM,1 day ahead
227,TYX t-7,-1.4965719486345532e-05,mse,BTC,Bidirectional LSTM,1 day ahead
363,Close t-59,-1.4455490128138836e-05,mse,BTC,Bidirectional LSTM,1 day ahead
369,Close t-56,-1.3497562849907425e-05,mse,BTC,Bidirectional LSTM,1 day ahead
365,Close t-58,-1.2399456647313673e-05,mse,BTC,Bidirectional LSTM,1 day ahead
375,Close t-53,-1.1503908734999957e-05,mse,BTC,Bidirectional LSTM,1 day ahead
361,Close t-60,-1.1228337519237014e-05,mse,BTC,Bidirectional LSTM,1 day ahead
377,Close t-52,-1.0893263002216026e-05,mse,BTC,Bidirectional LSTM,1 day ahead
379,Close t-51,-1.0819748538366076e-05,mse,BTC,Bidirectional LSTM,1 day ahead
463,Close t-9,-1.034167225502777e-05,mse,BTC,Bidirectional LSTM,1 day ahead
381,Close t-50,-9.314647741096287e-06,mse,BTC,Bidirectional LSTM,1 day ahead
105,Gtrend t-8,-8.62252400986004e-06,mse,BTC,Bidirectional LSTM,1 day ahead
225,TYX t-8,-7.396465930570393e-06,mse,BTC,Bidirectional LSTM,1 day ahead
461,Close t-10,-5.9894542148084245e-06,mse,BTC,Bidirectional LSTM,1 day ahead
385,Close t-48,-5.939500625143715e-06,mse,BTC,Bidirectional LSTM,1 day ahead
383,Close t-49,-4.871779948322332e-06,mse,BTC,Bidirectional LSTM,1 day ahead
389,Close t-46,-4.47073727846475e-06,mse,BTC,Bidirectional LSTM,1 day ahead
103,Gtrend t-9,-4.165355571199422e-06,mse,BTC,Bidirectional LSTM,1 day ahead
223,TYX t-9,-3.8038846085078955e-06,mse,BTC,Bidirectional LSTM,1 day ahead
101,Gtrend t-10,-3.7347403664480822e-06,mse,BTC,Bidirectional LSTM,1 day ahead
353,Volume t-4,-3.5491803344089076e-06,mse,BTC,Bidirectional LSTM,1 day ahead
355,Volume t-3,-3.5022614333834676e-06,mse,BTC,Bidirectional LSTM,1 day ahead
387,Close t-47,-3.502254720950124e-06,mse,BTC,Bidirectional LSTM,1 day ahead
391,Close t-45,-3.2803629840439004e-06,mse,BTC,Bidirectional LSTM,1 day ahead
349,Volume t-6,-2.861596115345073e-06,mse,BTC,Bidirectional LSTM,1 day ahead
395,Close t-43,-1.7631605650748026e-06,mse,BTC,Bidirectional LSTM,1 day ahead
351,Volume t-5,-1.6339226434228336e-06,mse,BTC,Bidirectional LSTM,1 day ahead
357,Volume t-2,-1.5819260650098976e-06,mse,BTC,Bidirectional LSTM,1 day ahead
397,Close t-42,-1.487441713709332e-06,mse,BTC,Bidirectional LSTM,1 day ahead
221,TYX t-10,-1.443343810241188e-06,mse,BTC,Bidirectional LSTM,1 day ahead
241,Volume t-60,-1.4162968670814423e-06,mse,BTC,Bidirectional LSTM,1 day ahead
399,Close t-41,-1.3690551469969746e-06,mse,BTC,Bidirectional LSTM,1 day ahead
345,Volume t-8,-1.2359074785491583e-06,mse,BTC,Bidirectional LSTM,1 day ahead
347,Volume t-7,-1.0930867126546055e-06,mse,BTC,Bidirectional LSTM,1 day ahead
247,Volume t-57,-1.0393295119361708e-06,mse,BTC,Bidirectional LSTM,1 day ahead
393,Close t-44,-1.02314395544951e-06,mse,BTC,Bidirectional LSTM,1 day ahead
97,Gtrend t-12,-1.0048181136525398e-06,mse,BTC,Bidirectional LSTM,1 day ahead
3,Gtrend t-59,-9.914496819178869e-07,mse,BTC,Bidirectional LSTM,1 day ahead
245,Volume t-58,-9.59846223166005e-07,mse,BTC,Bidirectional LSTM,1 day ahead
1,Gtrend t-60,-9.578289472730178e-07,mse,BTC,Bidirectional LSTM,1 day ahead
401,Close t-40,-8.28297578870426e-07,mse,BTC,Bidirectional LSTM,1 day ahead
343,Volume t-9,-7.696101240860925e-07,mse,BTC,Bidirectional LSTM,1 day ahead
403,Close t-39,-7.010470720772259e-07,mse,BTC,Bidirectional LSTM,1 day ahead
5,Gtrend t-58,-6.900775602754986e-07,mse,BTC,Bidirectional LSTM,1 day ahead
251,Volume t-55,-6.383757191106253e-07,mse,BTC,Bidirectional LSTM,1 day ahead
359,Volume t-1,-5.011999703267295e-07,mse,BTC,Bidirectional LSTM,1 day ahead
99,Gtrend t-11,-3.969749979232731e-07,mse,BTC,Bidirectional LSTM,1 day ahead
249,Volume t-56,-3.905271815202952e-07,mse,BTC,Bidirectional LSTM,1 day ahead
219,TYX t-11,-3.8439489711303114e-07,mse,BTC,Bidirectional LSTM,1 day ahead
7,Gtrend t-57,-3.589955202166085e-07,mse,BTC,Bidirectional LSTM,1 day ahead
95,Gtrend t-13,-3.495194707465489e-07,mse,BTC,Bidirectional LSTM,1 day ahead
9,Gtrend t-56,-3.493711164001632e-07,mse,BTC,Bidirectional LSTM,1 day ahead
341,Volume t-10,-3.388201201388018e-07,mse,BTC,Bidirectional LSTM,1 day ahead
407,Close t-37,-3.334122325715765e-07,mse,BTC,Bidirectional LSTM,1 day ahead
409,Close t-36,-2.7503308243663135e-07,mse,BTC,Bidirectional LSTM,1 day ahead
243,Volume t-59,-2.673585274741777e-07,mse,BTC,Bidirectional LSTM,1 day ahead
405,Close t-38,-2.520893656115467e-07,mse,BTC,Bidirectional LSTM,1 day ahead
213,TYX t-14,-2.051853325779271e-07,mse,BTC,Bidirectional LSTM,1 day ahead
11,Gtrend t-55,-1.679417190910814e-07,mse,BTC,Bidirectional LSTM,1 day ahead
339,Volume t-11,-1.5085164454609404e-07,mse,BTC,Bidirectional LSTM,1 day ahead
411,Close t-35,-1.2356297744990814e-07,mse,BTC,Bidirectional LSTM,1 day ahead
209,TYX t-16,-9.644989845940949e-08,mse,BTC,Bidirectional LSTM,1 day ahead
413,Close t-34,-8.15129914744691e-08,mse,BTC,Bidirectional LSTM,1 day ahead
415,Close t-33,-7.768550714997921e-08,mse,BTC,Bidirectional LSTM,1 day ahead
13,Gtrend t-54,-6.810251877774169e-08,mse,BTC,Bidirectional LSTM,1 day ahead
35,Gtrend t-43,-4.7639447214560884e-08,mse,BTC,Bidirectional LSTM,1 day ahead
39,Gtrend t-41,-3.5560379993719235e-08,mse,BTC,Bidirectional LSTM,1 day ahead
417,Close t-32,-3.405381182749155e-08,mse,BTC,Bidirectional LSTM,1 day ahead
29,Gtrend t-46,-2.9582762988604808e-08,mse,BTC,Bidirectional LSTM,1 day ahead
37,Gtrend t-42,-2.811874397451279e-08,mse,BTC,Bidirectional LSTM,1 day ahead
207,TYX t-17,-2.6148425357917435e-08,mse,BTC,Bidirectional LSTM,1 day ahead
23,Gtrend t-49,-2.2156685132012494e-08,mse,BTC,Bidirectional LSTM,1 day ahead
31,Gtrend t-45,-2.0952464553506203e-08,mse,BTC,Bidirectional LSTM,1 day ahead
215,TYX t-13,-1.880301502173165e-08,mse,BTC,Bidirectional LSTM,1 day ahead
421,Close t-30,-1.8237168974413395e-08,mse,BTC,Bidirectional LSTM,1 day ahead
83,Gtrend t-19,-1.7597510355805632e-08,mse,BTC,Bidirectional LSTM,1 day ahead
43,Gtrend t-39,-1.708075151392492e-08,mse,BTC,Bidirectional LSTM,1 day ahead
323,Volume t-19,-1.3561605231816529e-08,mse,BTC,Bidirectional LSTM,1 day ahead
419,Close t-31,-1.2271181396754718e-08,mse,BTC,Bidirectional LSTM,1 day ahead
41,Gtrend t-40,-1.2156056197450485e-08,mse,BTC,Bidirectional LSTM,1 day ahead
205,TYX t-18,-1.0743741814820199e-08,mse,BTC,Bidirectional LSTM,1 day ahead
329,Volume t-16,-9.910692497575035e-09,mse,BTC,Bidirectional LSTM,1 day ahead
45,Gtrend t-38,-8.15322161022182e-09,mse,BTC,Bidirectional LSTM,1 day ahead
261,Volume t-50,-6.8817013073284306e-09,mse,BTC,Bidirectional LSTM,1 day ahead
325,Volume t-18,-6.7920353189355326e-09,mse,BTC,Bidirectional LSTM,1 day ahead
199,TYX t-21,-5.247045474542425e-09,mse,BTC,Bidirectional LSTM,1 day ahead
47,Gtrend t-37,-4.1394305058325975e-09,mse,BTC,Bidirectional LSTM,1 day ahead
75,Gtrend t-23,-3.838226857438148e-09,mse,BTC,Bidirectional LSTM,1 day ahead
423,Close t-29,-3.3913489774686084e-09,mse,BTC,Bidirectional LSTM,1 day ahead
201,TYX t-20,-3.358482922972625e-09,mse,BTC,Bidirectional LSTM,1 day ahead
195,TYX t-23,-2.799584257777085e-09,mse,BTC,Bidirectional LSTM,1 day ahead
295,Volume t-33,-2.1869732372715306e-09,mse,BTC,Bidirectional LSTM,1 day ahead
313,Volume t-24,-1.776486734193089e-09,mse,BTC,Bidirectional LSTM,1 day ahead
309,Volume t-26,-1.736441147554696e-09,mse,BTC,Bidirectional LSTM,1 day ahead
71,Gtrend t-25,-1.7035074902343322e-09,mse,BTC,Bidirectional LSTM,1 day ahead
33,Gtrend t-44,-1.671343320902921e-09,mse,BTC,Bidirectional LSTM,1 day ahead
315,Volume t-23,-1.430877668955055e-09,mse,BTC,Bidirectional LSTM,1 day ahead
297,Volume t-32,-1.4037092569037235e-09,mse,BTC,Bidirectional LSTM,1 day ahead
51,Gtrend t-35,-1.2532639095345216e-09,mse,BTC,Bidirectional LSTM,1 day ahead
319,Volume t-21,-1.0302327062196998e-09,mse,BTC,Bidirectional LSTM,1 day ahead
311,Volume t-25,-9.832836645601306e-10,mse,BTC,Bidirectional LSTM,1 day ahead
303,Volume t-29,-8.498907920744675e-10,mse,BTC,Bidirectional LSTM,1 day ahead
331,Volume t-15,-7.394782171581821e-10,mse,BTC,Bidirectional LSTM,1 day ahead
305,Volume t-28,-6.407706648267619e-10,mse,BTC,Bidirectional LSTM,1 day ahead
299,Volume t-31,-6.323493853110235e-10,mse,BTC,Bidirectional LSTM,1 day ahead
187,TYX t-27,-4.3490786254436753e-10,mse,BTC,Bidirectional LSTM,1 day ahead
49,Gtrend t-36,-4.331840723799385e-10,mse,BTC,Bidirectional LSTM,1 day ahead
307,Volume t-27,-2.9311432903252055e-10,mse,BTC,Bidirectional LSTM,1 day ahead
301,Volume t-30,-1.8284231875949353e-10,mse,BTC,Bidirectional LSTM,1 day ahead
63,Gtrend t-29,-7.264367970008512e-11,mse,BTC,Bidirectional LSTM,1 day ahead
321,Volume t-20,1.7497802447426214e-10,mse,BTC,Bidirectional LSTM,1 day ahead
193,TYX t-24,1.9359197665075323e-10,mse,BTC,Bidirectional LSTM,1 day ahead
53,Gtrend t-34,3.4973362595704105e-10,mse,BTC,Bidirectional LSTM,1 day ahead
189,TYX t-26,4.5649462291838527e-10,mse,BTC,Bidirectional LSTM,1 day ahead
317,Volume t-22,4.743026980284087e-10,mse,BTC,Bidirectional LSTM,1 day ahead
191,TYX t-25,6.149852862201433e-10,mse,BTC,Bidirectional LSTM,1 day ahead
65,Gtrend t-28,6.589912975116935e-10,mse,BTC,Bidirectional LSTM,1 day ahead
69,Gtrend t-26,7.231577940636225e-10,mse,BTC,Bidirectional LSTM,1 day ahead
67,Gtrend t-27,7.399037639087974e-10,mse,BTC,Bidirectional LSTM,1 day ahead
55,Gtrend t-33,9.267291792899174e-10,mse,BTC,Bidirectional LSTM,1 day ahead
61,Gtrend t-30,1.3719786710799514e-09,mse,BTC,Bidirectional LSTM,1 day ahead
293,Volume t-34,1.4358939738178672e-09,mse,BTC,Bidirectional LSTM,1 day ahead
289,Volume t-36,2.0880039706787368e-09,mse,BTC,Bidirectional LSTM,1 day ahead
59,Gtrend t-31,2.1212481621495777e-09,mse,BTC,Bidirectional LSTM,1 day ahead
183,TYX t-29,2.2425060708115147e-09,mse,BTC,Bidirectional LSTM,1 day ahead
185,TYX t-28,2.2823545748652807e-09,mse,BTC,Bidirectional LSTM,1 day ahead
57,Gtrend t-32,2.5831714005244283e-09,mse,BTC,Bidirectional LSTM,1 day ahead
425,Close t-28,2.8395780134801013e-09,mse,BTC,Bidirectional LSTM,1 day ahead
197,TYX t-22,3.749637998966965e-09,mse,BTC,Bidirectional LSTM,1 day ahead
203,TYX t-19,4.160639144193748e-09,mse,BTC,Bidirectional LSTM,1 day ahead
291,Volume t-35,5.2906447894560116e-09,mse,BTC,Bidirectional LSTM,1 day ahead
327,Volume t-17,5.667835843454344e-09,mse,BTC,Bidirectional LSTM,1 day ahead
181,TYX t-30,5.691477421082211e-09,mse,BTC,Bidirectional LSTM,1 day ahead
73,Gtrend t-24,6.016451280319718e-09,mse,BTC,Bidirectional LSTM,1 day ahead
179,TYX t-31,6.17837868257913e-09,mse,BTC,Bidirectional LSTM,1 day ahead
337,Volume t-12,6.668808850193025e-09,mse,BTC,Bidirectional LSTM,1 day ahead
287,Volume t-37,7.550460364358011e-09,mse,BTC,Bidirectional LSTM,1 day ahead
427,Close t-27,7.769153984212018e-09,mse,BTC,Bidirectional LSTM,1 day ahead
177,TYX t-32,7.88735128555082e-09,mse,BTC,Bidirectional LSTM,1 day ahead
77,Gtrend t-22,8.57353154421446e-09,mse,BTC,Bidirectional LSTM,1 day ahead
85,Gtrend t-18,1.1684595985651108e-08,mse,BTC,Bidirectional LSTM,1 day ahead
429,Close t-26,1.202718544332168e-08,mse,BTC,Bidirectional LSTM,1 day ahead
27,Gtrend t-47,1.677239587017168e-08,mse,BTC,Bidirectional LSTM,1 day ahead
333,Volume t-14,1.9023484057120732e-08,mse,BTC,Bidirectional LSTM,1 day ahead
335,Volume t-13,1.9450531911447896e-08,mse,BTC,Bidirectional LSTM,1 day ahead
171,TYX t-35,2.06333002716972e-08,mse,BTC,Bidirectional LSTM,1 day ahead
285,Volume t-38,2.343113138128343e-08,mse,BTC,Bidirectional LSTM,1 day ahead
431,Close t-25,2.579345078387689e-08,mse,BTC,Bidirectional LSTM,1 day ahead
79,Gtrend t-21,2.5801672219561908e-08,mse,BTC,Bidirectional LSTM,1 day ahead
433,Close t-24,2.6994344260768133e-08,mse,BTC,Bidirectional LSTM,1 day ahead
441,Close t-20,2.699541441580043e-08,mse,BTC,Bidirectional LSTM,1 day ahead
173,TYX t-34,3.097637336327459e-08,mse,BTC,Bidirectional LSTM,1 day ahead
81,Gtrend t-20,3.18820890959394e-08,mse,BTC,Bidirectional LSTM,1 day ahead
175,TYX t-33,3.227302656908827e-08,mse,BTC,Bidirectional LSTM,1 day ahead
435,Close t-23,3.392506120448134e-08,mse,BTC,Bidirectional LSTM,1 day ahead
17,Gtrend t-52,3.9598314436044973e-08,mse,BTC,Bidirectional LSTM,1 day ahead
211,TYX t-15,4.0616856321860906e-08,mse,BTC,Bidirectional LSTM,1 day ahead
15,Gtrend t-53,4.1218045112234244e-08,mse,BTC,Bidirectional LSTM,1 day ahead
21,Gtrend t-50,4.2787840755752204e-08,mse,BTC,Bidirectional LSTM,1 day ahead
283,Volume t-39,4.460643554071546e-08,mse,BTC,Bidirectional LSTM,1 day ahead
443,Close t-19,5.1268225676739596e-08,mse,BTC,Bidirectional LSTM,1 day ahead
437,Close t-22,5.576204356355814e-08,mse,BTC,Bidirectional LSTM,1 day ahead
169,TYX t-36,5.686354606127854e-08,mse,BTC,Bidirectional LSTM,1 day ahead
167,TYX t-37,6.048138905347979e-08,mse,BTC,Bidirectional LSTM,1 day ahead
25,Gtrend t-48,6.298085858781957e-08,mse,BTC,Bidirectional LSTM,1 day ahead
439,Close t-21,6.791050160387911e-08,mse,BTC,Bidirectional LSTM,1 day ahead
277,Volume t-42,7.587965759696912e-08,mse,BTC,Bidirectional LSTM,1 day ahead
279,Volume t-41,7.61751340996094e-08,mse,BTC,Bidirectional LSTM,1 day ahead
87,Gtrend t-17,9.043115989544603e-08,mse,BTC,Bidirectional LSTM,1 day ahead
165,TYX t-38,9.629392378677874e-08,mse,BTC,Bidirectional LSTM,1 day ahead
273,Volume t-44,1.018200244239792e-07,mse,BTC,Bidirectional LSTM,1 day ahead
271,Volume t-45,1.1106915906553168e-07,mse,BTC,Bidirectional LSTM,1 day ahead
281,Volume t-40,1.1616481554606838e-07,mse,BTC,Bidirectional LSTM,1 day ahead
163,TYX t-39,1.2577921342871515e-07,mse,BTC,Bidirectional LSTM,1 day ahead
161,TYX t-40,1.2943615875339945e-07,mse,BTC,Bidirectional LSTM,1 day ahead
19,Gtrend t-51,1.2981573795328542e-07,mse,BTC,Bidirectional LSTM,1 day ahead
275,Volume t-43,1.3502393790033873e-07,mse,BTC,Bidirectional LSTM,1 day ahead
89,Gtrend t-16,1.3807451513300067e-07,mse,BTC,Bidirectional LSTM,1 day ahead
445,Close t-18,1.9950742162033568e-07,mse,BTC,Bidirectional LSTM,1 day ahead
159,TYX t-41,2.1557622747179518e-07,mse,BTC,Bidirectional LSTM,1 day ahead
267,Volume t-47,2.3009183886305538e-07,mse,BTC,Bidirectional LSTM,1 day ahead
121,TYX t-60,2.408759928718661e-07,mse,BTC,Bidirectional LSTM,1 day ahead
263,Volume t-49,2.4887758765077157e-07,mse,BTC,Bidirectional LSTM,1 day ahead
157,TYX t-42,2.522669407002947e-07,mse,BTC,Bidirectional LSTM,1 day ahead
253,Volume t-54,2.6547306562567895e-07,mse,BTC,Bidirectional LSTM,1 day ahead
93,Gtrend t-14,2.7258643074245387e-07,mse,BTC,Bidirectional LSTM,1 day ahead
447,Close t-17,3.284033877411392e-07,mse,BTC,Bidirectional LSTM,1 day ahead
153,TYX t-44,3.947798261831441e-07,mse,BTC,Bidirectional LSTM,1 day ahead
147,TYX t-47,4.040898214827896e-07,mse,BTC,Bidirectional LSTM,1 day ahead
91,Gtrend t-15,4.4360668606567913e-07,mse,BTC,Bidirectional LSTM,1 day ahead
265,Volume t-48,4.5838219345077126e-07,mse,BTC,Bidirectional LSTM,1 day ahead
217,TYX t-12,4.935714448886519e-07,mse,BTC,Bidirectional LSTM,1 day ahead
269,Volume t-46,5.16360450016724e-07,mse,BTC,Bidirectional LSTM,1 day ahead
143,TYX t-49,5.387675689842979e-07,mse,BTC,Bidirectional LSTM,1 day ahead
155,TYX t-43,5.539154803234185e-07,mse,BTC,Bidirectional LSTM,1 day ahead
149,TYX t-46,6.552963375734168e-07,mse,BTC,Bidirectional LSTM,1 day ahead
449,Close t-16,6.642655022677871e-07,mse,BTC,Bidirectional LSTM,1 day ahead
139,TYX t-51,9.623285581843166e-07,mse,BTC,Bidirectional LSTM,1 day ahead
151,TYX t-45,9.751153526161953e-07,mse,BTC,Bidirectional LSTM,1 day ahead
255,Volume t-53,9.793365295383046e-07,mse,BTC,Bidirectional LSTM,1 day ahead
257,Volume t-52,1.0983911467037262e-06,mse,BTC,Bidirectional LSTM,1 day ahead
259,Volume t-51,1.2544305090741482e-06,mse,BTC,Bidirectional LSTM,1 day ahead
145,TYX t-48,1.2712334042301425e-06,mse,BTC,Bidirectional LSTM,1 day ahead
451,Close t-15,1.2884241381888768e-06,mse,BTC,Bidirectional LSTM,1 day ahead
135,TYX t-53,1.4354768180645672e-06,mse,BTC,Bidirectional LSTM,1 day ahead
123,TYX t-59,1.4822687543175443e-06,mse,BTC,Bidirectional LSTM,1 day ahead
141,TYX t-50,1.5247695022606658e-06,mse,BTC,Bidirectional LSTM,1 day ahead
125,TYX t-58,1.7930837683517806e-06,mse,BTC,Bidirectional LSTM,1 day ahead
129,TYX t-56,2.293785998594769e-06,mse,BTC,Bidirectional LSTM,1 day ahead
133,TYX t-54,2.334035546137968e-06,mse,BTC,Bidirectional LSTM,1 day ahead
131,TYX t-55,2.971121311370504e-06,mse,BTC,Bidirectional LSTM,1 day ahead
137,TYX t-52,3.0849883730702226e-06,mse,BTC,Bidirectional LSTM,1 day ahead
453,Close t-14,3.102272404123616e-06,mse,BTC,Bidirectional LSTM,1 day ahead
127,TYX t-57,3.4817082215812638e-06,mse,BTC,Bidirectional LSTM,1 day ahead
457,Close t-12,3.6934005084167214e-06,mse,BTC,Bidirectional LSTM,1 day ahead
235,TYX t-3,4.787030196134242e-06,mse,BTC,Bidirectional LSTM,1 day ahead
455,Close t-13,4.962608374465454e-06,mse,BTC,Bidirectional LSTM,1 day ahead
459,Close t-11,5.956486920653207e-06,mse,BTC,Bidirectional LSTM,1 day ahead
473,Close t-4,2.8953722427296552e-05,mse,BTC,Bidirectional LSTM,1 day ahead
237,TYX t-2,5.074512618511839e-05,mse,BTC,Bidirectional LSTM,1 day ahead
475,Close t-3,0.0009635814619686457,mse,BTC,Bidirectional LSTM,1 day ahead
477,Close t-2,0.00403885482205427,mse,BTC,Bidirectional LSTM,1 day ahead
479,Close t-1,0.01516372016455595,mse,BTC,Bidirectional LSTM,1 day ahead
